{
  "task": "copy",
  "mechanism": "combo",
  "seq_len": 35,
  "latch_kind": null,
  "hard_state": true,
  "hard_control": null,
  "anneal": "0.1,0.6",
  "hidden": 1024,
  "cell_layers": 2,
  "keep_bias": 1.0,
  "tau": 30.0,
  "grad_factor": 1.0,
  "grad_clip": 1.0,
  "lr": 0.003,
  "lr_min": 0.0003,
  "entropy_reg": 0.0,
  "batch_size": 128,
  "iters": 15000,
  "seed": 0,
  "device": "cuda",
  "logic_gates": 4096,
  "best_val": 1.0,
  "test_acc": 1.0,
  "test_soft": 0.8786,
  "discretization_gap": -0.12139999999999995,
  "n_skipped": 0,
  "train_minutes": 35.410034660498305,
  "grad_profile": null,
  "gate_totals": [
    169,
    210,
    199,
    484,
    196,
    420,
    101,
    250,
    245,
    120,
    430,
    231,
    399,
    215,
    209,
    218
  ],
  "gate_distribution": {
    "cell.candidate.net.0": [
      56,
      40,
      39,
      142,
      34,
      117,
      26,
      69,
      58,
      21,
      121,
      42,
      98,
      49,
      39,
      73
    ],
    "cell.candidate.net.1": [
      4,
      59,
      52,
      160,
      66,
      131,
      50,
      17,
      69,
      55,
      147,
      25,
      136,
      28,
      18,
      7
    ],
    "cell.gate.net.0": [
      64,
      72,
      63,
      92,
      49,
      80,
      11,
      73,
      70,
      17,
      83,
      78,
      81,
      51,
      66,
      74
    ],
    "cell.gate.net.1": [
      45,
      39,
      45,
      90,
      47,
      92,
      14,
      91,
      48,
      27,
      79,
      86,
      84,
      87,
      86,
      64
    ]
  }
}