{
  "task": "copy",
  "mechanism": "gru_cell",
  "seq_len": 8,
  "hidden": 64,
  "cell_layers": 2,
  "keep_bias": 3.0,
  "tau": 30.0,
  "grad_factor": 1.0,
  "grad_clip": 1.0,
  "lr": 0.01,
  "lr_min": -1.0,
  "entropy_reg": 0.0,
  "batch_size": 16,
  "iters": 6,
  "seed": 0,
  "device": "cpu",
  "logic_gates": 512,
  "best_val": 0.1136,
  "test_acc": 0.122,
  "test_soft": 0.1255,
  "discretization_gap": 0.003500000000000003,
  "n_skipped": 0,
  "train_minutes": 1.996040983994802,
  "grad_profile": [
    7.831633411115035e-05,
    9.765816503204405e-05,
    0.00012376859376672655,
    0.00015929059009067714,
    0.00020807728287763894,
    0.00027584939380176365,
    0.0003713007608894259,
    0.0005081474082544446
  ]
}