{
  "task": "copy",
  "mechanism": "lstm",
  "seq_len": 35,
  "hidden": 1024,
  "cell_layers": 2,
  "keep_bias": 4.0,
  "tau": 30.0,
  "grad_factor": 1.0,
  "grad_clip": 1.0,
  "lr": 0.003,
  "lr_min": 0.0003,
  "entropy_reg": 0.0,
  "batch_size": 128,
  "iters": 20000,
  "seed": 0,
  "device": "cuda",
  "logic_gates": 10240,
  "best_val": 0.1316,
  "test_acc": 0.1263,
  "test_soft": 0.1216,
  "discretization_gap": -0.004699999999999996,
  "n_skipped": 0,
  "train_minutes": 82.49966448148092,
  "grad_profile": [
    1.9894518118235283e-05,
    2.1030818970757537e-05,
    2.2244574211072177e-05,
    2.354254866077099e-05,
    2.493225474609062e-05,
    2.642211074999068e-05,
    2.8021560865454376e-05,
    2.9741262551397085e-05,
    3.1593284802511334e-05,
    3.359135007485747e-05,
    3.575117079890333e-05,
    3.80907986254897e-05,
    4.063113374286331e-05,
    4.3396510591264814e-05,
    4.6415494580287486e-05,
    4.972183523932472e-05,
    5.3355808631749824e-05,
    5.736586172133684e-05,
    6.181090429890901e-05,
    6.676332850474864e-05,
    7.231313793454319e-05,
    7.857369928387925e-05,
    8.568989142077044e-05,
    9.384977602167055e-05,
    0.00010330198711017147,
    0.00011438219371484593,
    0.0001275548420380801,
    0.00014348168042488396,
    0.00016313808737322688,
    0.00018801793339662254,
    0.00022050278494134545,
    0.0002645359782036394,
    0.00032685318728908896,
    0.00041921299998648465,
    0.0005624191253446043
  ]
}