{
  "task": "copy",
  "mechanism": "rddlgn",
  "seq_len": 50,
  "hidden": 1024,
  "cell_layers": 2,
  "keep_bias": 3.0,
  "tau": 30.0,
  "grad_factor": 2.0,
  "lr": 0.01,
  "batch_size": 128,
  "iters": 20000,
  "seed": 0,
  "device": "cuda",
  "logic_gates": 2048,
  "best_val": 0.2582,
  "test_acc": 0.2512,
  "train_minutes": 24.763700024286905,
  "grad_profile": [
    1.0970000403176527e-05,
    9.758845408214256e-06,
    7.86009604780702e-06,
    8.447415893897414e-06,
    9.470652003074065e-06,
    1.056038399838144e-05,
    1.179742412205087e-05,
    1.317562328040367e-05,
    1.471658379159635e-05,
    1.6438361853943206e-05,
    1.836277988331858e-05,
    2.051393676083535e-05,
    2.291901000717189e-05,
    2.560853499744553e-05,
    2.86168979073409e-05,
    3.198285776306875e-05,
    3.5750166716752574e-05,
    3.9968301280168816e-05,
    4.46932899649255e-05,
    4.9988746468443424e-05,
    5.592703018919565e-05,
    6.259067595237866e-05,
    7.007407111814246e-05,
    7.848553650546819e-05,
    8.794968016445637e-05,
    9.861053695203736e-05,
    0.00011063498823205009,
    0.00012421736028045416,
    0.00013958489580545574,
    0.00015700342191848904,
    0.00017678704170975834,
    0.0001993084733840078,
    0.00022500964405480772,
    0.00025441034813411534,
    0.00028817798011004925,
    0.0003271838359069079,
    0.00037393931415863335,
    0.00042759571806527674,
    0.0004884794470854104,
    0.0005803660023957491,
    0.0008056983351707458,
    0.000956403324380517,
    0.0030591669492423534,
    0.006077239755541086,
    0.015222743153572083,
    0.015504507347941399,
    0.020064787939190865,
    0.029259325936436653,
    0.026584366336464882,
    0.03118324652314186
  ]
}