{
  "task": "copy",
  "mechanism": "gated",
  "seq_len": 50,
  "hidden": 1024,
  "cell_layers": 2,
  "tau": 30.0,
  "grad_factor": 1.0,
  "lr": 0.01,
  "batch_size": 128,
  "iters": 20000,
  "seed": 0,
  "device": "cuda",
  "logic_gates": 4096,
  "best_val": 0.2524,
  "test_acc": 0.2463,
  "train_minutes": 58.46427098115285,
  "grad_profile": [
    2.2581494452111883e-09,
    3.021538796943446e-09,
    4.025020761133646e-09,
    5.360463184445052e-09,
    7.151974124042226e-09,
    9.568860370734456e-09,
    1.2839371343886796e-08,
    1.72709704315821e-08,
    2.3279000060938415e-08,
    3.142599780403543e-08,
    4.247528906375919e-08,
    5.746419518004586e-08,
    7.780420219205553e-08,
    1.0541847217382383e-07,
    1.4293108563379064e-07,
    1.9392835781673057e-07,
    2.633203735058487e-07,
    3.578433052098262e-07,
    4.867587222179282e-07,
    6.628301889577415e-07,
    9.03690875020402e-07,
    1.2337632142589428e-06,
    1.6869593082446954e-06,
    2.310489207957289e-06,
    3.1702377327746945e-06,
    4.358380465419032e-06,
    6.004192528052954e-06,
    8.289424840768334e-06,
    1.147026978287613e-05,
    1.5908790373941883e-05,
    2.2118048946140334e-05,
    3.082699186052196e-05,
    4.3073665437987074e-05,
    6.0339138144627213e-05,
    8.473927300656214e-05,
    0.0001192989875562489,
    0.0001683443842921406,
    0.00023806480749044567,
    0.0003373226209077984,
    0.00047882640501484275,
    0.0006808394100517035,
    0.0009696954512037337,
    0.0013836597790941596,
    0.001979558728635311,
    0.0028465280774980783,
    0.004140055272728205,
    0.006172753404825926,
    0.009651519358158112,
    0.016303962096571922,
    0.031179707497358322
  ]
}