{
  "task": "copy",
  "mechanism": "gru_cell",
  "seq_len": 35,
  "hidden": 1024,
  "cell_layers": 2,
  "keep_bias": 3.0,
  "tau": 30.0,
  "grad_factor": 1.0,
  "grad_clip": 1.0,
  "lr": 0.003,
  "lr_min": 0.0003,
  "entropy_reg": 0.0,
  "batch_size": 128,
  "iters": 20000,
  "seed": 0,
  "device": "cuda",
  "logic_gates": 8192,
  "best_val": 0.1316,
  "test_acc": 0.1263,
  "test_soft": 0.1214,
  "discretization_gap": -0.004900000000000002,
  "n_skipped": 0,
  "train_minutes": 45.95401076475779,
  "grad_profile": [
    2.562118424975779e-05,
    2.6864730898523703e-05,
    2.8191594537929632e-05,
    2.9609484045067802e-05,
    3.1127099646255374e-05,
    3.2754309359006584e-05,
    3.450235817581415e-05,
    3.6384109989739954e-05,
    3.8414360460592434e-05,
    4.061018262291327e-05,
    4.2991403461201116e-05,
    4.5581131416838616e-05,
    4.8406491259811446e-05,
    5.1499457185855135e-05,
    5.4897991503821686e-05,
    5.864745980943553e-05,
    6.280244997469708e-05,
    6.742923142155632e-05,
    7.260889833560213e-05,
    7.844174251658842e-05,
    8.505312143824995e-05,
    9.260168008040637e-05,
    0.00010129091242561117,
    0.00011138586705783382,
    0.00012323763803578913,
    0.00013732016668654978,
    0.00015428682672791183,
    0.00017505996220279485,
    0.0002009769668802619,
    0.0002340375940548256,
    0.0002773393935058266,
    0.0003358803514856845,
    0.0004181072290521115,
    0.0005390372243709862,
    0.0007268838817253709
  ]
}