{
  "task": "copy",
  "mechanism": "rddlgn",
  "seq_len": 20,
  "test_seq_len": 20,
  "latch_kind": null,
  "hard_state": null,
  "hard_control": null,
  "anneal": null,
  "hidden": 1024,
  "cell_layers": 2,
  "keep_bias": 3.0,
  "tau": 30.0,
  "grad_factor": 1.0,
  "grad_clip": 1.0,
  "lr": 0.003,
  "lr_min": 0.0003,
  "entropy_reg": 0.0,
  "margin_reg": 0.0,
  "deep_sup": 0.0,
  "running_target": false,
  "state_mushy_by_t": null,
  "batch_size": 128,
  "iters": 20000,
  "seed": 2,
  "device": "cuda",
  "logic_gates": 2048,
  "best_val": 0.2492,
  "test_acc": 0.2517,
  "test_soft": 0.1304,
  "discretization_gap": -0.12129999999999999,
  "n_skipped": 0,
  "train_minutes": 13.677415605386098,
  "grad_profile": null,
  "gate_totals": [
    119,
    123,
    96,
    153,
    93,
    157,
    200,
    85,
    99,
    199,
    150,
    109,
    165,
    102,
    102,
    96
  ],
  "gate_distribution": {
    "cell.update.net.0": [
      52,
      60,
      44,
      73,
      46,
      91,
      86,
      44,
      52,
      107,
      86,
      57,
      86,
      45,
      51,
      44
    ],
    "cell.update.net.1": [
      67,
      63,
      52,
      80,
      47,
      66,
      114,
      41,
      47,
      92,
      64,
      52,
      79,
      57,
      51,
      52
    ]
  }
}