{
  "task": "copy",
  "mechanism": "gated",
  "seq_len": 20,
  "hidden": 1024,
  "cell_layers": 2,
  "keep_bias": 3.0,
  "tau": 30.0,
  "grad_factor": 1.0,
  "grad_clip": 1.0,
  "lr": 0.003,
  "lr_min": 0.0003,
  "entropy_reg": 0.0,
  "batch_size": 128,
  "iters": 20000,
  "seed": 0,
  "device": "cuda",
  "logic_gates": 4096,
  "best_val": 1.0,
  "test_acc": 1.0,
  "test_soft": 1.0,
  "discretization_gap": 0.0,
  "n_skipped": 0,
  "train_minutes": 21.40187759399414,
  "grad_profile": [
    5.188391208648682,
    3.7323617935180664,
    2.709649085998535,
    1.9826750755310059,
    1.4196442365646362,
    0.9906959533691406,
    0.6643891334533691,
    0.42972704768180847,
    0.30727654695510864,
    0.22782717645168304,
    0.16989286243915558,
    0.12713664770126343,
    0.0933767706155777,
    0.06678406149148941,
    0.04711633920669556,
    0.03370510786771774,
    0.024727502837777138,
    0.01989094913005829,
    0.01708998531103134,
    0.015323864296078682
  ]
}