{
  "task": "copy",
  "mechanism": "clatch",
  "seq_len": 50,
  "latch_kind": null,
  "hard_state": true,
  "hard_control": null,
  "anneal": "0.1,0.6",
  "hidden": 1024,
  "cell_layers": 2,
  "keep_bias": 1.0,
  "tau": 30.0,
  "grad_factor": 1.0,
  "grad_clip": 1.0,
  "lr": 0.003,
  "lr_min": 0.0003,
  "entropy_reg": 0.0,
  "margin_reg": 0.0,
  "deep_sup": 0.0,
  "state_mushy_by_t": [
    0.25868988037109375,
    0.26953125,
    0.2705078125,
    0.2705078125,
    0.2705078125,
    0.2705078125,
    0.2705078125,
    0.2705078125,
    0.2705078125,
    0.2705078125,
    0.2705078125,
    0.2705078125,
    0.2705078125,
    0.2705078125,
    0.2705078125,
    0.2705078125,
    0.2705078125,
    0.2705078125,
    0.2705078125,
    0.2705078125,
    0.2705078125,
    0.2705078125,
    0.2705078125,
    0.2705078125,
    0.2705078125,
    0.2705078125,
    0.2705078125,
    0.2705078125,
    0.2705078125,
    0.2705078125,
    0.2705078125,
    0.2705078125,
    0.2705078125,
    0.2705078125,
    0.2705078125,
    0.2705078125,
    0.2705078125,
    0.2705078125,
    0.2705078125,
    0.2705078125,
    0.2705078125,
    0.2705078125,
    0.2705078125,
    0.2705078125,
    0.2705078125,
    0.2705078125,
    0.2705078125,
    0.2705078125,
    0.2705078125,
    0.2705078125
  ],
  "batch_size": 128,
  "iters": 20000,
  "seed": 0,
  "device": "cuda",
  "logic_gates": 4096,
  "best_val": 0.1316,
  "test_acc": 0.1263,
  "test_soft": 0.122,
  "discretization_gap": -0.004299999999999998,
  "n_skipped": 0,
  "train_minutes": 40.2982808192571,
  "grad_profile": null,
  "gate_totals": [
    226,
    235,
    228,
    263,
    233,
    264,
    260,
    247,
    217,
    275,
    253,
    235,
    244,
    204,
    245,
    467
  ],
  "gate_distribution": {
    "cell.candidate.net.0": [
      55,
      68,
      54,
      60,
      60,
      63,
      74,
      66,
      46,
      83,
      65,
      64,
      79,
      56,
      70,
      61
    ],
    "cell.candidate.net.1": [
      62,
      55,
      43,
      83,
      58,
      77,
      83,
      64,
      55,
      73,
      69,
      58,
      61,
      49,
      69,
      65
    ],
    "cell.gate.net.0": [
      59,
      72,
      78,
      68,
      59,
      66,
      52,
      62,
      64,
      63,
      68,
      66,
      61,
      45,
      72,
      69
    ],
    "cell.gate.net.1": [
      50,
      40,
      53,
      52,
      56,
      58,
      51,
      55,
      52,
      56,
      51,
      47,
      43,
      54,
      34,
      272
    ]
  }
}