{
  "task": "copy",
  "mechanism": "lstm",
  "seq_len": 20,
  "hidden": 1024,
  "cell_layers": 2,
  "keep_bias": 3.0,
  "tau": 30.0,
  "grad_factor": 1.0,
  "grad_clip": 1.0,
  "lr": 0.003,
  "lr_min": 0.0003,
  "entropy_reg": 0.0,
  "batch_size": 128,
  "iters": 20000,
  "seed": 0,
  "device": "cuda",
  "logic_gates": 10240,
  "best_val": 0.1316,
  "test_acc": 0.1263,
  "test_soft": 0.1216,
  "discretization_gap": -0.004699999999999996,
  "n_skipped": 0,
  "train_minutes": 47.94831733306249,
  "grad_profile": [
    8.032716323214117e-07,
    1.0418775673315395e-06,
    1.357868995910394e-06,
    1.7783860357667436e-06,
    2.340959099456086e-06,
    3.097993158007739e-06,
    4.1234652599086985e-06,
    5.523149866348831e-06,
    7.450580596923828e-06,
    1.0132584975508507e-05,
    1.3911298083257861e-05,
    1.9315568351885304e-05,
    2.7187070372747257e-05,
    3.8913520256755874e-05,
    5.6883760407799855e-05,
    8.542905561625957e-05,
    0.00013288155605550855,
    0.0002162786986446008,
    0.0003724203852470964,
    0.0006841736030764878
  ]
}