{
  "task": "copy",
  "mechanism": "rddlgn",
  "seq_len": 20,
  "test_seq_len": 20,
  "latch_kind": null,
  "hard_state": null,
  "hard_control": null,
  "anneal": null,
  "hidden": 2048,
  "cell_layers": 2,
  "keep_bias": 3.0,
  "tau": 30.0,
  "grad_factor": 1.0,
  "grad_clip": 1.0,
  "lr": 0.003,
  "lr_min": 0.0003,
  "entropy_reg": 0.0,
  "margin_reg": 0.0,
  "deep_sup": 0.0,
  "running_target": false,
  "state_mushy_by_t": null,
  "batch_size": 128,
  "iters": 20000,
  "seed": 2,
  "device": "cuda",
  "logic_gates": 4096,
  "best_val": 0.2492,
  "test_acc": 0.2517,
  "test_soft": 0.1304,
  "discretization_gap": -0.12129999999999999,
  "n_skipped": 0,
  "train_minutes": 11.827817444006602,
  "grad_profile": null,
  "gate_totals": [
    213,
    244,
    194,
    287,
    189,
    325,
    400,
    174,
    190,
    445,
    313,
    205,
    314,
    195,
    217,
    191
  ],
  "gate_distribution": {
    "cell.update.net.0": [
      91,
      109,
      100,
      151,
      90,
      186,
      171,
      89,
      97,
      218,
      172,
      102,
      166,
      96,
      116,
      94
    ],
    "cell.update.net.1": [
      122,
      135,
      94,
      136,
      99,
      139,
      229,
      85,
      93,
      227,
      141,
      103,
      148,
      99,
      101,
      97
    ]
  }
}