{
  "task": "copy",
  "mechanism": "gated",
  "seq_len": 50,
  "hidden": 1024,
  "cell_layers": 2,
  "keep_bias": 3.0,
  "tau": 30.0,
  "grad_factor": 1.0,
  "grad_clip": 1.0,
  "lr": 0.01,
  "batch_size": 128,
  "iters": 20000,
  "seed": 0,
  "device": "cuda",
  "logic_gates": 4096,
  "best_val": 0.3626,
  "test_acc": 0.3725,
  "test_soft": 0.8667,
  "discretization_gap": 0.49420000000000003,
  "train_minutes": 17.506123411655427,
  "grad_profile": [
    341.3542175292969,
    317.2369079589844,
    304.12945556640625,
    268.65655517578125,
    237.76490783691406,
    199.59274291992188,
    178.1939697265625,
    165.9153289794922,
    158.75723266601562,
    154.39581298828125,
    150.82408142089844,
    146.8407440185547,
    143.4500732421875,
    140.0104217529297,
    114.50287628173828,
    90.73021697998047,
    69.68799591064453,
    52.04022216796875,
    37.771392822265625,
    26.864826202392578,
    19.228931427001953,
    14.098575592041016,
    10.59987735748291,
    8.06552791595459,
    6.163564682006836,
    4.7151360511779785,
    3.606058359146118,
    2.7555809020996094,
    2.1048786640167236,
    1.609756588935852,
    1.2355515956878662,
    0.9543253183364868,
    0.7431538105010986,
    0.5834963321685791,
    0.4612787961959839,
    0.36676326394081116,
    0.29324689507484436,
    0.235498309135437,
    0.18919214606285095,
    0.1505836695432663,
    0.11777687072753906,
    0.0908266007900238,
    0.06850719451904297,
    0.051217760890722275,
    0.03865603730082512,
    0.030929116532206535,
    0.02611730247735977,
    0.0235561802983284,
    0.02211613394320011,
    0.020603422075510025
  ]
}