{
  "task": "copy",
  "mechanism": "gated",
  "seq_len": 50,
  "latch_kind": null,
  "hard_state": null,
  "hard_control": null,
  "anneal": null,
  "hidden": 1024,
  "cell_layers": 2,
  "keep_bias": 3.0,
  "tau": 30.0,
  "grad_factor": 1.0,
  "grad_clip": 1.0,
  "lr": 0.003,
  "lr_min": 0.0003,
  "entropy_reg": 0.0,
  "margin_reg": 0.0,
  "deep_sup": 0.0,
  "state_mushy_by_t": [
    0.0079498291015625,
    0.01029205322265625,
    0.00795745849609375,
    0.0120697021484375,
    0.019256591796875,
    0.01825714111328125,
    0.020904541015625,
    0.02060699462890625,
    0.01999664306640625,
    0.01810455322265625,
    0.015899658203125,
    0.02001953125,
    0.02850341796875,
    0.0296173095703125,
    0.0222320556640625,
    0.02197265625,
    0.02678680419921875,
    0.02774810791015625,
    0.02439117431640625,
    0.03208160400390625,
    0.03603363037109375,
    0.03595733642578125,
    0.032958984375,
    0.028533935546875,
    0.02862548828125,
    0.030548095703125,
    0.03238677978515625,
    0.033447265625,
    0.0331268310546875,
    0.03098297119140625,
    0.0299224853515625,
    0.0248260498046875,
    0.0233306884765625,
    0.0225067138671875,
    0.02071380615234375,
    0.020172119140625,
    0.0181427001953125,
    0.01438140869140625,
    0.01153564453125,
    0.00907135009765625,
    0.00850677490234375,
    0.00803375244140625,
    0.00867462158203125,
    0.0091552734375,
    0.00860595703125,
    0.00829315185546875,
    0.00815582275390625,
    0.00850677490234375,
    0.0081939697265625,
    0.008270263671875
  ],
  "batch_size": 128,
  "iters": 20000,
  "seed": 0,
  "device": "cuda",
  "logic_gates": 4096,
  "best_val": 0.3664,
  "test_acc": 0.3803,
  "test_soft": 0.8786,
  "discretization_gap": 0.4983,
  "n_skipped": 0,
  "train_minutes": 39.272337810198465,
  "grad_profile": null,
  "gate_totals": [
    223,
    226,
    218,
    438,
    206,
    485,
    79,
    187,
    182,
    116,
    420,
    182,
    404,
    199,
    215,
    316
  ],
  "gate_distribution": {
    "cell.candidate.net.0": [
      57,
      50,
      46,
      135,
      37,
      165,
      11,
      32,
      22,
      18,
      140,
      33,
      126,
      38,
      54,
      60
    ],
    "cell.candidate.net.1": [
      3,
      59,
      60,
      163,
      52,
      177,
      38,
      10,
      58,
      48,
      156,
      13,
      160,
      12,
      13,
      2
    ],
    "cell.gate.net.0": [
      88,
      65,
      53,
      82,
      52,
      84,
      19,
      57,
      67,
      25,
      82,
      59,
      79,
      69,
      68,
      75
    ],
    "cell.gate.net.1": [
      75,
      52,
      59,
      58,
      65,
      59,
      11,
      88,
      35,
      25,
      42,
      77,
      39,
      80,
      80,
      179
    ]
  }
}