{
  "task": "copy",
  "mechanism": "latch",
  "seq_len": 50,
  "latch_kind": "sr",
  "hard_state": true,
  "hard_control": false,
  "anneal": "0.1,0.6",
  "hidden": 1024,
  "cell_layers": 2,
  "keep_bias": 3.0,
  "tau": 30.0,
  "grad_factor": 1.0,
  "grad_clip": 1.0,
  "lr": 0.003,
  "lr_min": 0.0003,
  "entropy_reg": 0.0,
  "batch_size": 128,
  "iters": 20000,
  "seed": 2,
  "device": "cuda",
  "logic_gates": 4096,
  "best_val": 0.129,
  "test_acc": 0.1263,
  "test_soft": 0.1248,
  "discretization_gap": -0.0015000000000000013,
  "n_skipped": 0,
  "train_minutes": 37.279980607827504,
  "grad_profile": null,
  "gate_totals": [
    1773,
    157,
    144,
    153,
    158,
    172,
    187,
    124,
    138,
    172,
    150,
    163,
    157,
    147,
    170,
    131
  ],
  "gate_distribution": {
    "cell.set_net.net.0": [
      70,
      78,
      55,
      60,
      71,
      75,
      70,
      45,
      69,
      75,
      63,
      66,
      57,
      60,
      59,
      51
    ],
    "cell.set_net.net.1": [
      783,
      8,
      13,
      23,
      9,
      11,
      17,
      11,
      9,
      19,
      17,
      20,
      30,
      22,
      19,
      13
    ],
    "cell.reset_net.net.0": [
      61,
      65,
      64,
      60,
      70,
      79,
      85,
      62,
      52,
      66,
      54,
      62,
      56,
      53,
      77,
      58
    ],
    "cell.reset_net.net.1": [
      859,
      6,
      12,
      10,
      8,
      7,
      15,
      6,
      8,
      12,
      16,
      15,
      14,
      12,
      15,
      9
    ]
  }
}