{
  "task": "copy",
  "mechanism": "combo",
  "seq_len": 50,
  "latch_kind": null,
  "hard_state": true,
  "hard_control": null,
  "anneal": "",
  "hidden": 1024,
  "cell_layers": 2,
  "keep_bias": 3.0,
  "tau": 30.0,
  "grad_factor": 1.0,
  "grad_clip": 1.0,
  "lr": 0.003,
  "lr_min": 0.0003,
  "entropy_reg": 0.0,
  "batch_size": 128,
  "iters": 20000,
  "seed": 0,
  "device": "cuda",
  "logic_gates": 4096,
  "best_val": 0.2508,
  "test_acc": 0.2465,
  "test_soft": 0.2512,
  "discretization_gap": 0.004699999999999982,
  "n_skipped": 0,
  "train_minutes": 37.199992803732556,
  "grad_profile": null,
  "gate_totals": [
    203,
    227,
    206,
    256,
    226,
    239,
    190,
    219,
    233,
    199,
    221,
    173,
    238,
    183,
    176,
    907
  ],
  "gate_distribution": {
    "cell.candidate.net.0": [
      57,
      59,
      50,
      71,
      62,
      60,
      75,
      81,
      59,
      66,
      59,
      66,
      73,
      64,
      64,
      58
    ],
    "cell.candidate.net.1": [
      87,
      93,
      72,
      101,
      92,
      88,
      43,
      34,
      103,
      52,
      78,
      24,
      83,
      33,
      29,
      12
    ],
    "cell.gate.net.0": [
      56,
      69,
      79,
      70,
      63,
      68,
      61,
      69,
      65,
      67,
      65,
      50,
      65,
      57,
      59,
      61
    ],
    "cell.gate.net.1": [
      3,
      6,
      5,
      14,
      9,
      23,
      11,
      35,
      6,
      14,
      19,
      33,
      17,
      29,
      24,
      776
    ]
  }
}