{
  "task": "copy",
  "mechanism": "rddlgn",
  "seq_len": 50,
  "test_seq_len": 50,
  "latch_kind": null,
  "hard_state": null,
  "hard_control": null,
  "anneal": null,
  "hidden": 1024,
  "cell_layers": 2,
  "keep_bias": 3.0,
  "tau": 30.0,
  "grad_factor": 1.0,
  "grad_clip": 1.0,
  "lr": 0.003,
  "lr_min": 0.0003,
  "entropy_reg": 0.0,
  "margin_reg": 0.0,
  "deep_sup": 0.0,
  "running_target": false,
  "state_mushy_by_t": null,
  "batch_size": 128,
  "iters": 20000,
  "seed": 2,
  "device": "cuda",
  "logic_gates": 2048,
  "best_val": 0.2466,
  "test_acc": 0.2459,
  "test_soft": 0.1304,
  "discretization_gap": -0.11550000000000002,
  "n_skipped": 0,
  "train_minutes": 22.018064260482788,
  "grad_profile": null,
  "gate_totals": [
    119,
    123,
    95,
    155,
    92,
    158,
    203,
    83,
    98,
    203,
    152,
    107,
    166,
    100,
    100,
    94
  ],
  "gate_distribution": {
    "cell.update.net.0": [
      52,
      60,
      44,
      74,
      46,
      91,
      88,
      42,
      52,
      109,
      87,
      56,
      85,
      45,
      50,
      43
    ],
    "cell.update.net.1": [
      67,
      63,
      51,
      81,
      46,
      67,
      115,
      41,
      46,
      94,
      65,
      51,
      81,
      55,
      50,
      51
    ]
  }
}