{
  "task": "copy",
  "mechanism": "combo",
  "seq_len": 20,
  "latch_kind": null,
  "hard_state": true,
  "hard_control": null,
  "anneal": "0.1,0.6",
  "hidden": 1024,
  "cell_layers": 2,
  "keep_bias": 1.0,
  "tau": 30.0,
  "grad_factor": 1.0,
  "grad_clip": 1.0,
  "lr": 0.003,
  "lr_min": 0.0003,
  "entropy_reg": 0.0,
  "batch_size": 128,
  "iters": 15000,
  "seed": 0,
  "device": "cuda",
  "logic_gates": 4096,
  "best_val": 1.0,
  "test_acc": 1.0,
  "test_soft": 0.8786,
  "discretization_gap": -0.12139999999999995,
  "n_skipped": 0,
  "train_minutes": 20.895036602020262,
  "grad_profile": null,
  "gate_totals": [
    164,
    191,
    155,
    514,
    182,
    439,
    121,
    232,
    212,
    134,
    452,
    227,
    425,
    203,
    229,
    216
  ],
  "gate_distribution": {
    "cell.candidate.net.0": [
      58,
      38,
      22,
      149,
      34,
      128,
      31,
      62,
      44,
      25,
      135,
      35,
      100,
      43,
      51,
      69
    ],
    "cell.candidate.net.1": [
      5,
      42,
      40,
      169,
      42,
      136,
      57,
      18,
      54,
      66,
      151,
      26,
      156,
      28,
      23,
      11
    ],
    "cell.gate.net.0": [
      61,
      70,
      57,
      99,
      52,
      83,
      12,
      68,
      68,
      18,
      89,
      70,
      81,
      50,
      71,
      75
    ],
    "cell.gate.net.1": [
      40,
      41,
      36,
      97,
      54,
      92,
      21,
      84,
      46,
      25,
      77,
      96,
      88,
      82,
      84,
      61
    ]
  }
}