{
  "task": "copy",
  "mechanism": "latch",
  "seq_len": 50,
  "latch_kind": "sr",
  "hard_state": true,
  "hard_control": false,
  "anneal": "0.1,0.6",
  "hidden": 1024,
  "cell_layers": 2,
  "keep_bias": 3.0,
  "tau": 30.0,
  "grad_factor": 1.0,
  "grad_clip": 1.0,
  "lr": 0.003,
  "lr_min": 0.0003,
  "entropy_reg": 0.02,
  "batch_size": 128,
  "iters": 20000,
  "seed": 0,
  "device": "cuda",
  "logic_gates": 4096,
  "best_val": 0.1258,
  "test_acc": 0.1214,
  "test_soft": 0.1216,
  "discretization_gap": 0.00020000000000000573,
  "n_skipped": 0,
  "train_minutes": 38.08135420481364,
  "grad_profile": null,
  "gate_totals": [
    1560,
    183,
    153,
    183,
    135,
    182,
    299,
    125,
    109,
    302,
    184,
    123,
    187,
    106,
    184,
    81
  ],
  "gate_distribution": {
    "cell.set_net.net.0": [
      25,
      75,
      46,
      60,
      57,
      65,
      131,
      50,
      37,
      135,
      64,
      52,
      71,
      45,
      79,
      32
    ],
    "cell.set_net.net.1": [
      739,
      20,
      16,
      26,
      21,
      26,
      18,
      18,
      18,
      21,
      17,
      16,
      22,
      9,
      20,
      17
    ],
    "cell.reset_net.net.0": [
      20,
      77,
      75,
      79,
      39,
      73,
      123,
      43,
      40,
      116,
      80,
      45,
      70,
      40,
      81,
      23
    ],
    "cell.reset_net.net.1": [
      776,
      11,
      16,
      18,
      18,
      18,
      27,
      14,
      14,
      30,
      23,
      10,
      24,
      12,
      4,
      9
    ]
  }
}