{
  "task": "copy",
  "mechanism": "combo",
  "seq_len": 50,
  "latch_kind": null,
  "hard_state": true,
  "hard_control": null,
  "anneal": "0.05,0.85",
  "hidden": 1024,
  "cell_layers": 2,
  "keep_bias": 1.0,
  "tau": 30.0,
  "grad_factor": 1.0,
  "grad_clip": 1.0,
  "lr": 0.003,
  "lr_min": 0.0003,
  "entropy_reg": 0.0,
  "batch_size": 128,
  "iters": 20000,
  "seed": 0,
  "device": "cuda",
  "logic_gates": 4096,
  "best_val": 0.2512,
  "test_acc": 0.2469,
  "test_soft": 0.125,
  "discretization_gap": -0.12190000000000001,
  "n_skipped": 0,
  "train_minutes": 66.967768963178,
  "grad_profile": null,
  "gate_totals": [
    216,
    219,
    232,
    268,
    231,
    260,
    330,
    237,
    209,
    359,
    267,
    223,
    255,
    185,
    217,
    388
  ],
  "gate_distribution": {
    "cell.candidate.net.0": [
      53,
      65,
      55,
      56,
      57,
      61,
      78,
      72,
      49,
      89,
      68,
      69,
      73,
      59,
      66,
      54
    ],
    "cell.candidate.net.1": [
      56,
      52,
      42,
      90,
      52,
      67,
      101,
      57,
      49,
      101,
      68,
      57,
      62,
      48,
      60,
      62
    ],
    "cell.gate.net.0": [
      46,
      59,
      78,
      68,
      50,
      62,
      69,
      68,
      59,
      82,
      74,
      67,
      67,
      45,
      67,
      63
    ],
    "cell.gate.net.1": [
      61,
      43,
      57,
      54,
      72,
      70,
      82,
      40,
      52,
      87,
      57,
      30,
      53,
      33,
      24,
      209
    ]
  }
}