{
  "task": "copy",
  "mechanism": "clatch",
  "seq_len": 50,
  "latch_kind": null,
  "hard_state": true,
  "hard_control": null,
  "anneal": "0.1,0.6",
  "hidden": 1024,
  "cell_layers": 2,
  "keep_bias": 1.0,
  "tau": 30.0,
  "grad_factor": 1.0,
  "grad_clip": 1.0,
  "lr": 0.003,
  "lr_min": 0.0003,
  "entropy_reg": 0.0,
  "margin_reg": 0.0,
  "deep_sup": 0.2,
  "state_mushy_by_t": null,
  "batch_size": 128,
  "iters": 20000,
  "seed": 0,
  "device": "cuda",
  "logic_gates": 4096,
  "best_val": 1.0,
  "test_acc": 1.0,
  "test_soft": 0.7537,
  "discretization_gap": -0.24629999999999996,
  "n_skipped": 0,
  "train_minutes": 39.29070242245992,
  "grad_profile": null,
  "gate_totals": [
    305,
    197,
    219,
    448,
    232,
    439,
    103,
    177,
    264,
    122,
    475,
    146,
    419,
    129,
    172,
    249
  ],
  "gate_distribution": {
    "cell.candidate.net.0": [
      68,
      33,
      34,
      137,
      33,
      137,
      13,
      40,
      32,
      14,
      162,
      37,
      120,
      35,
      53,
      76
    ],
    "cell.candidate.net.1": [
      2,
      36,
      42,
      174,
      47,
      164,
      55,
      7,
      58,
      63,
      169,
      14,
      160,
      20,
      12,
      1
    ],
    "cell.gate.net.0": [
      134,
      50,
      55,
      56,
      46,
      45,
      19,
      92,
      77,
      21,
      54,
      61,
      56,
      43,
      70,
      145
    ],
    "cell.gate.net.1": [
      101,
      78,
      88,
      81,
      106,
      93,
      16,
      38,
      97,
      24,
      90,
      34,
      83,
      31,
      37,
      27
    ]
  }
}