{
  "task": "copy",
  "mechanism": "gated",
  "seq_len": 50,
  "hidden": 1024,
  "cell_layers": 2,
  "keep_bias": 3.0,
  "tau": 30.0,
  "grad_factor": 1.0,
  "grad_clip": 1.0,
  "lr": 0.003,
  "lr_min": 0.0003,
  "entropy_reg": 0.0,
  "batch_size": 128,
  "iters": 20000,
  "seed": 0,
  "device": "cuda",
  "logic_gates": 4096,
  "best_val": 0.3786,
  "test_acc": 0.3797,
  "test_soft": 1.0,
  "discretization_gap": 0.6203000000000001,
  "n_skipped": 0,
  "train_minutes": 51.0079466342926,
  "grad_profile": [
    109.7609634399414,
    98.1508560180664,
    90.14054870605469,
    84.0848388671875,
    68.39347839355469,
    55.06917190551758,
    45.90984344482422,
    38.795143127441406,
    34.340980529785156,
    30.99708366394043,
    28.157291412353516,
    25.645143508911133,
    23.425291061401367,
    21.37748146057129,
    19.258682250976562,
    17.271570205688477,
    15.40380859375,
    13.651739120483398,
    12.002083778381348,
    10.458996772766113,
    9.029744148254395,
    7.7255859375,
    6.550055027008057,
    5.4997758865356445,
    4.573286056518555,
    3.765984058380127,
    3.0711891651153564,
    2.481036424636841,
    1.9882538318634033,
    1.581719994544983,
    1.2501524686813354,
    0.9833750128746033,
    0.7711213827133179,
    0.6035131812095642,
    0.4716910123825073,
    0.36825722455978394,
    0.2872728109359741,
    0.2239232212305069,
    0.17430222034454346,
    0.13531726598739624,
    0.10463801771402359,
    0.08048365265130997,
    0.06130771338939667,
    0.04638562351465225,
    0.0348302498459816,
    0.027042832225561142,
    0.022019879892468452,
    0.019409483298659325,
    0.018289873376488686,
    0.017122596502304077
  ]
}