{
  "task": "copy",
  "mechanism": "combo",
  "seq_len": 50,
  "latch_kind": null,
  "hard_state": true,
  "hard_control": null,
  "anneal": "0.1,0.6",
  "hidden": 1024,
  "cell_layers": 2,
  "keep_bias": 3.0,
  "tau": 30.0,
  "grad_factor": 1.0,
  "grad_clip": 1.0,
  "lr": 0.003,
  "lr_min": 0.0003,
  "entropy_reg": 0.0,
  "batch_size": 128,
  "iters": 20000,
  "seed": 1,
  "device": "cuda",
  "logic_gates": 4096,
  "best_val": 0.1286,
  "test_acc": 0.1217,
  "test_soft": 0.1283,
  "discretization_gap": 0.006599999999999995,
  "n_skipped": 0,
  "train_minutes": 37.24595361948013,
  "grad_profile": null,
  "gate_totals": [
    170,
    190,
    199,
    221,
    197,
    221,
    266,
    216,
    203,
    240,
    196,
    191,
    204,
    189,
    182,
    1011
  ],
  "gate_distribution": {
    "cell.candidate.net.0": [
      51,
      55,
      56,
      63,
      54,
      77,
      98,
      71,
      56,
      75,
      68,
      63,
      68,
      59,
      51,
      59
    ],
    "cell.candidate.net.1": [
      58,
      57,
      59,
      74,
      57,
      73,
      86,
      65,
      67,
      83,
      60,
      53,
      55,
      61,
      68,
      48
    ],
    "cell.gate.net.0": [
      51,
      71,
      71,
      72,
      73,
      59,
      63,
      71,
      70,
      68,
      58,
      65,
      71,
      56,
      53,
      52
    ],
    "cell.gate.net.1": [
      10,
      7,
      13,
      12,
      13,
      12,
      19,
      9,
      10,
      14,
      10,
      10,
      10,
      13,
      10,
      852
    ]
  }
}