{
  "task": "copy",
  "mechanism": "clatch",
  "seq_len": 50,
  "latch_kind": null,
  "hard_state": true,
  "hard_control": null,
  "anneal": "0.1,0.6",
  "hidden": 1024,
  "cell_layers": 2,
  "keep_bias": 1.0,
  "tau": 30.0,
  "grad_factor": 1.0,
  "grad_clip": 1.0,
  "lr": 0.003,
  "lr_min": 0.0003,
  "entropy_reg": 0.0,
  "margin_reg": 0.0,
  "deep_sup": 0.0,
  "state_mushy_by_t": null,
  "batch_size": 128,
  "iters": 20000,
  "seed": 2,
  "device": "cuda",
  "logic_gates": 4096,
  "best_val": 0.2556,
  "test_acc": 0.2477,
  "test_soft": 0.1214,
  "discretization_gap": -0.12630000000000002,
  "n_skipped": 0,
  "train_minutes": 40.19125124613444,
  "grad_profile": null,
  "gate_totals": [
    246,
    232,
    232,
    329,
    223,
    297,
    225,
    178,
    234,
    213,
    316,
    227,
    310,
    193,
    244,
    397
  ],
  "gate_distribution": {
    "cell.candidate.net.0": [
      61,
      57,
      52,
      95,
      47,
      92,
      41,
      42,
      49,
      70,
      109,
      59,
      96,
      39,
      53,
      62
    ],
    "cell.candidate.net.1": [
      62,
      59,
      58,
      114,
      49,
      82,
      69,
      38,
      52,
      59,
      88,
      52,
      99,
      43,
      51,
      49
    ],
    "cell.gate.net.0": [
      62,
      65,
      61,
      58,
      69,
      82,
      79,
      63,
      61,
      49,
      63,
      62,
      58,
      55,
      77,
      60
    ],
    "cell.gate.net.1": [
      61,
      51,
      61,
      62,
      58,
      41,
      36,
      35,
      72,
      35,
      56,
      54,
      57,
      56,
      63,
      226
    ]
  }
}