{
  "task": "copy",
  "mechanism": "gated",
  "seq_len": 50,
  "hidden": 1024,
  "cell_layers": 2,
  "keep_bias": 3.0,
  "tau": 30.0,
  "grad_factor": 1.0,
  "grad_clip": 1.0,
  "lr": 0.003,
  "batch_size": 128,
  "iters": 30000,
  "seed": 0,
  "device": "cuda",
  "logic_gates": 4096,
  "best_val": 0.3664,
  "test_acc": 0.3803,
  "test_soft": 0.8784,
  "discretization_gap": 0.49809999999999993,
  "n_skipped": 0,
  "train_minutes": 79.83997445106506,
  "grad_profile": [
    493.35089111328125,
    397.1942138671875,
    319.9920959472656,
    253.36781311035156,
    200.78367614746094,
    171.06871032714844,
    151.59698486328125,
    144.67376708984375,
    143.94505310058594,
    141.27728271484375,
    137.6360626220703,
    133.14590454101562,
    128.60714721679688,
    121.01461029052734,
    110.05038452148438,
    97.43913269042969,
    84.24285888671875,
    70.92733764648438,
    58.2468147277832,
    46.86344909667969,
    37.077003479003906,
    28.9008846282959,
    22.167495727539062,
    16.654542922973633,
    12.198177337646484,
    8.836475372314453,
    6.601581573486328,
    5.163215637207031,
    4.115630626678467,
    3.2747561931610107,
    2.585402250289917,
    2.021986722946167,
    1.5657206773757935,
    1.2013474702835083,
    0.9159846901893616,
    0.6967228055000305,
    0.5275611877441406,
    0.39246660470962524,
    0.2828513979911804,
    0.19708950817584991,
    0.13406580686569214,
    0.09044960886240005,
    0.06312539428472519,
    0.045291390269994736,
    0.034325163811445236,
    0.02720547839999199,
    0.023404600098729134,
    0.02121344767510891,
    0.019673731178045273,
    0.01813073270022869
  ]
}