{
  "task": "copy",
  "mechanism": "gated",
  "seq_len": 20,
  "hidden": 1024,
  "cell_layers": 2,
  "keep_bias": 3.0,
  "tau": 30.0,
  "grad_factor": 1.0,
  "lr": 0.01,
  "batch_size": 128,
  "iters": 20000,
  "seed": 0,
  "device": "cuda",
  "logic_gates": 4096,
  "best_val": 1.0,
  "test_acc": 1.0,
  "test_soft": 1.0,
  "discretization_gap": 0.0,
  "train_minutes": 20.129016721248625,
  "grad_profile": [
    4.950930118560791,
    3.792386293411255,
    2.8179726600646973,
    2.0791268348693848,
    1.6264046430587769,
    1.3107686042785645,
    0.9417729377746582,
    0.7217035293579102,
    0.5033329129219055,
    0.3657442033290863,
    0.26100441813468933,
    0.17782723903656006,
    0.1220000758767128,
    0.08337334543466568,
    0.056162938475608826,
    0.03806499391794205,
    0.02693934179842472,
    0.020484965294599533,
    0.016766246408224106,
    0.013623825274407864
  ]
}