{
  "task": "copy",
  "mechanism": "gated",
  "seq_len": 35,
  "hidden": 1024,
  "cell_layers": 2,
  "keep_bias": 3.0,
  "tau": 30.0,
  "grad_factor": 1.0,
  "grad_clip": 1.0,
  "lr": 0.01,
  "batch_size": 128,
  "iters": 20000,
  "seed": 0,
  "device": "cuda",
  "logic_gates": 4096,
  "best_val": 0.511,
  "test_acc": 0.5095,
  "test_soft": 0.6311,
  "discretization_gap": 0.12160000000000004,
  "train_minutes": 6.210308357079824,
  "grad_profile": [
    0.8796495199203491,
    0.6644845008850098,
    0.5270770192146301,
    0.5553399920463562,
    0.5240103602409363,
    0.4977176785469055,
    0.4720213711261749,
    0.43676328659057617,
    0.397057443857193,
    0.363754540681839,
    0.33575597405433655,
    0.30330705642700195,
    0.2699294090270996,
    0.2395027130842209,
    0.2128029465675354,
    0.18944276869297028,
    0.16891685128211975,
    0.15078318119049072,
    0.13463948667049408,
    0.12021373212337494,
    0.10739932954311371,
    0.09600969403982162,
    0.08574751764535904,
    0.07633542269468307,
    0.06758623570203781,
    0.05952497571706772,
    0.05213088542222977,
    0.044695109128952026,
    0.03778071328997612,
    0.0324820913374424,
    0.027741730213165283,
    0.024313800036907196,
    0.023485755547881126,
    0.022399643436074257,
    0.022433852776885033
  ]
}