{
  "task": "copy",
  "mechanism": "gated",
  "seq_len": 50,
  "hidden": 1024,
  "cell_layers": 2,
  "keep_bias": 3.0,
  "tau": 30.0,
  "grad_factor": 1.0,
  "lr": 0.01,
  "batch_size": 128,
  "iters": 20000,
  "seed": 0,
  "device": "cuda",
  "logic_gates": 4096,
  "best_val": 0.3794,
  "test_acc": 0.3729,
  "train_minutes": 51.03010119199753,
  "grad_profile": [
    334.62261962890625,
    277.31695556640625,
    191.25067138671875,
    114.30388641357422,
    71.23587799072266,
    65.89073944091797,
    62.148193359375,
    48.305030822753906,
    36.85251235961914,
    27.62898063659668,
    21.602405548095703,
    19.415979385375977,
    18.132326126098633,
    16.76905059814453,
    15.132599830627441,
    13.303170204162598,
    11.687740325927734,
    10.286486625671387,
    8.982210159301758,
    7.787834167480469,
    6.683379173278809,
    5.6716156005859375,
    4.769520282745361,
    3.9923810958862305,
    3.345890760421753,
    2.812047004699707,
    2.3536698818206787,
    1.955339789390564,
    1.609727144241333,
    1.312138319015503,
    1.059847116470337,
    0.8498002886772156,
    0.6777560114860535,
    0.5389856696128845,
    0.42792099714279175,
    0.34060680866241455,
    0.2725572884082794,
    0.21882320940494537,
    0.17553603649139404,
    0.14012347161769867,
    0.11078620702028275,
    0.08650191128253937,
    0.06661383807659149,
    0.050059400498867035,
    0.03742058947682381,
    0.02871105819940567,
    0.023263879120349884,
    0.020146120339632034,
    0.018312374129891396,
    0.0165049210190773
  ]
}