{
  "task": "copy",
  "mechanism": "latch",
  "seq_len": 50,
  "latch_kind": "sr",
  "hard_state": true,
  "hard_control": false,
  "anneal": "0.05,0.85",
  "hidden": 1024,
  "cell_layers": 2,
  "keep_bias": 0.0,
  "tau": 30.0,
  "grad_factor": 1.0,
  "grad_clip": 1.0,
  "lr": 0.003,
  "lr_min": 0.0003,
  "entropy_reg": 0.0,
  "batch_size": 128,
  "iters": 20000,
  "seed": 0,
  "device": "cuda",
  "logic_gates": 4096,
  "best_val": 0.1316,
  "test_acc": 0.1263,
  "test_soft": 0.1214,
  "discretization_gap": -0.004900000000000002,
  "n_skipped": 0,
  "train_minutes": 67.61713534990946,
  "grad_profile": null,
  "gate_totals": [
    226,
    261,
    236,
    259,
    245,
    262,
    313,
    248,
    224,
    306,
    263,
    236,
    252,
    220,
    286,
    259
  ],
  "gate_distribution": {
    "cell.set_net.net.0": [
      54,
      81,
      53,
      55,
      64,
      52,
      73,
      66,
      47,
      80,
      64,
      62,
      70,
      57,
      82,
      64
    ],
    "cell.set_net.net.1": [
      62,
      53,
      44,
      76,
      57,
      73,
      85,
      64,
      59,
      74,
      66,
      57,
      62,
      52,
      71,
      69
    ],
    "cell.reset_net.net.0": [
      51,
      78,
      74,
      70,
      56,
      62,
      64,
      54,
      57,
      68,
      67,
      64,
      64,
      46,
      84,
      65
    ],
    "cell.reset_net.net.1": [
      59,
      49,
      65,
      58,
      68,
      75,
      91,
      64,
      61,
      84,
      66,
      53,
      56,
      65,
      49,
      61
    ]
  }
}