{
  "task": "copy",
  "mechanism": "gated",
  "seq_len": 50,
  "latch_kind": null,
  "hard_state": null,
  "hard_control": null,
  "anneal": null,
  "hidden": 1024,
  "cell_layers": 2,
  "keep_bias": 3.0,
  "tau": 30.0,
  "grad_factor": 1.0,
  "grad_clip": 1.0,
  "lr": 0.003,
  "lr_min": 0.0003,
  "entropy_reg": 0.0,
  "margin_reg": 0.1,
  "deep_sup": 0.2,
  "state_mushy_by_t": null,
  "batch_size": 128,
  "iters": 20000,
  "seed": 2,
  "device": "cuda",
  "logic_gates": 4096,
  "best_val": 1.0,
  "test_acc": 1.0,
  "test_soft": 0.8787,
  "discretization_gap": -0.12129999999999996,
  "n_skipped": 0,
  "train_minutes": 41.170194824536644,
  "grad_profile": null,
  "gate_totals": [
    224,
    238,
    195,
    441,
    185,
    419,
    94,
    217,
    218,
    95,
    453,
    183,
    435,
    217,
    237,
    245
  ],
  "gate_distribution": {
    "cell.candidate.net.0": [
      69,
      43,
      43,
      130,
      43,
      130,
      12,
      33,
      44,
      16,
      132,
      38,
      153,
      34,
      35,
      69
    ],
    "cell.candidate.net.1": [
      3,
      65,
      65,
      153,
      71,
      147,
      55,
      13,
      44,
      48,
      167,
      9,
      146,
      17,
      15,
      6
    ],
    "cell.gate.net.0": [
      112,
      80,
      50,
      75,
      41,
      60,
      20,
      75,
      68,
      16,
      67,
      51,
      69,
      54,
      70,
      116
    ],
    "cell.gate.net.1": [
      40,
      50,
      37,
      83,
      30,
      82,
      7,
      96,
      62,
      15,
      87,
      85,
      67,
      112,
      117,
      54
    ]
  }
}