{
  "task": "copy",
  "mechanism": "rddlgn",
  "seq_len": 20,
  "hidden": 1024,
  "cell_layers": 2,
  "keep_bias": 3.0,
  "tau": 30.0,
  "grad_factor": 1.0,
  "grad_clip": 1.0,
  "lr": 0.003,
  "lr_min": 0.0003,
  "entropy_reg": 0.0,
  "batch_size": 128,
  "iters": 20000,
  "seed": 0,
  "device": "cuda",
  "logic_gates": 2048,
  "best_val": 0.2512,
  "test_acc": 0.2469,
  "test_soft": 0.1216,
  "discretization_gap": -0.12530000000000002,
  "n_skipped": 0,
  "train_minutes": 10.309081200758616,
  "grad_profile": [
    0.0,
    0.0,
    0.0,
    1.4898512379199538e-21,
    1.9861543547935852e-20,
    2.660459711684596e-19,
    3.563068494453285e-18,
    4.771874259281633e-17,
    6.390782589508115e-16,
    8.55917984057819e-15,
    1.1466241638894564e-13,
    1.5359581011578638e-12,
    2.0604021960801688e-11,
    2.794686981832939e-10,
    3.9750571723118355e-09,
    6.637841920564824e-08,
    1.7219500705323298e-06,
    4.7240417188731954e-05,
    0.0012106181820854545,
    0.03118537925183773
  ]
}