{
  "task": "copy",
  "mechanism": "rddlgn",
  "seq_len": 50,
  "hidden": 1024,
  "cell_layers": 2,
  "tau": 30.0,
  "grad_factor": 1.0,
  "lr": 0.01,
  "batch_size": 128,
  "iters": 20000,
  "seed": 0,
  "device": "cuda",
  "logic_gates": 2048,
  "best_val": 0.2582,
  "test_acc": 0.2512,
  "train_minutes": 27.735854144891103,
  "grad_profile": [
    1.2935031780088177e-21,
    3.1169219651602948e-21,
    7.229497161402374e-21,
    1.6931516337495308e-20,
    3.9538108831389534e-20,
    9.243142346866276e-20,
    2.1597921023246247e-19,
    5.04771872764306e-19,
    1.179612699854974e-18,
    2.756768402102933e-18,
    6.442494960098337e-18,
    1.505604372466969e-17,
    3.5185715541719134e-17,
    8.222850929901428e-17,
    1.9216674855538734e-16,
    4.4909078058492165e-16,
    1.049518290877809e-15,
    2.4527082008598362e-15,
    5.731941834287999e-15,
    1.3395460142593546e-14,
    3.130498586593512e-14,
    7.315927242268136e-14,
    1.7097210962529336e-13,
    3.995591834823897e-13,
    9.337637000422783e-13,
    2.182191710317638e-12,
    5.099748314613128e-12,
    1.1918034267810462e-11,
    2.7852263898009433e-11,
    6.509032202117737e-11,
    1.5211508441748123e-10,
    3.5549063692741356e-10,
    8.307761700798721e-10,
    1.9415111740528346e-09,
    4.537282105587792e-09,
    1.0603558919797251e-08,
    2.4780353768960595e-08,
    5.7911311301950263e-08,
    1.3533785647723562e-07,
    3.162824953051313e-07,
    7.391475378426549e-07,
    1.7273799812755897e-06,
    4.03689364247839e-06,
    9.438324923394248e-06,
    2.214694904978387e-05,
    5.532446812139824e-05,
    0.00027388293528929353,
    0.0023281367029994726,
    0.007014773320406675,
    0.03118966706097126
  ]
}