{
  "task": "copy",
  "mechanism": "latch",
  "seq_len": 50,
  "latch_kind": "sr",
  "hard_state": true,
  "hard_control": false,
  "anneal": "0.1,0.6",
  "hidden": 1024,
  "cell_layers": 2,
  "keep_bias": 6.0,
  "tau": 30.0,
  "grad_factor": 1.0,
  "grad_clip": 1.0,
  "lr": 0.003,
  "lr_min": 0.0003,
  "entropy_reg": 0.0,
  "batch_size": 128,
  "iters": 40000,
  "seed": 0,
  "device": "cuda",
  "logic_gates": 4096,
  "best_val": 0.1316,
  "test_acc": 0.1263,
  "test_soft": 0.122,
  "discretization_gap": -0.004299999999999998,
  "n_skipped": 0,
  "train_minutes": 73.80697665214538,
  "grad_profile": null,
  "gate_totals": [
    2163,
    136,
    133,
    114,
    131,
    119,
    142,
    131,
    119,
    152,
    121,
    127,
    138,
    113,
    131,
    126
  ],
  "gate_distribution": {
    "cell.set_net.net.0": [
      62,
      67,
      55,
      48,
      66,
      52,
      78,
      70,
      58,
      80,
      59,
      65,
      71,
      68,
      67,
      58
    ],
    "cell.set_net.net.1": [
      1023,
      0,
      0,
      0,
      0,
      0,
      0,
      0,
      0,
      0,
      0,
      1,
      0,
      0,
      0,
      0
    ],
    "cell.reset_net.net.0": [
      54,
      69,
      78,
      66,
      65,
      67,
      64,
      61,
      61,
      72,
      62,
      61,
      67,
      45,
      64,
      68
    ],
    "cell.reset_net.net.1": [
      1024,
      0,
      0,
      0,
      0,
      0,
      0,
      0,
      0,
      0,
      0,
      0,
      0,
      0,
      0,
      0
    ]
  }
}