{
  "task": "copy",
  "mechanism": "gated",
  "seq_len": 50,
  "hidden": 2048,
  "cell_layers": 2,
  "keep_bias": 3.0,
  "tau": 30.0,
  "grad_factor": 1.0,
  "grad_clip": 1.0,
  "lr": 0.003,
  "lr_min": 0.0003,
  "entropy_reg": 0.05,
  "batch_size": 128,
  "iters": 30000,
  "seed": 0,
  "device": "cuda",
  "logic_gates": 8192,
  "best_val": 0.7506,
  "test_acc": 0.7536,
  "test_soft": 0.875,
  "discretization_gap": 0.12139999999999995,
  "n_skipped": 0,
  "train_minutes": 81.16892213424047,
  "grad_profile": [
    12.4998779296875,
    11.205548286437988,
    9.216466903686523,
    7.6220879554748535,
    6.859587669372559,
    6.332077503204346,
    6.073495388031006,
    5.998025417327881,
    5.741201400756836,
    5.390717506408691,
    5.0713629722595215,
    4.78869104385376,
    4.556167125701904,
    4.334395885467529,
    4.135190486907959,
    3.9612507820129395,
    3.699211359024048,
    3.376039505004883,
    3.0358071327209473,
    2.706089973449707,
    2.3989288806915283,
    2.118335723876953,
    1.8650163412094116,
    1.6374485492706299,
    1.4330694675445557,
    1.249499797821045,
    1.0849885940551758,
    0.9381783604621887,
    0.8077894449234009,
    0.692471981048584,
    0.5908209681510925,
    0.5014829635620117,
    0.42323383688926697,
    0.3549681603908539,
    0.2956457734107971,
    0.24427789449691772,
    0.19996315240859985,
    0.1619350016117096,
    0.1295425444841385,
    0.10224980860948563,
    0.07961191236972809,
    0.06137676537036896,
    0.04733126610517502,
    0.03671155869960785,
    0.02933231182396412,
    0.024384677410125732,
    0.0209310594946146,
    0.019003579393029213,
    0.018286658450961113,
    0.017392782494425774
  ]
}