{
  "task": "copy",
  "mechanism": "gru_cell",
  "seq_len": 20,
  "hidden": 1024,
  "cell_layers": 2,
  "keep_bias": 3.0,
  "tau": 30.0,
  "grad_factor": 1.0,
  "grad_clip": 1.0,
  "lr": 0.003,
  "lr_min": 0.0003,
  "entropy_reg": 0.0,
  "batch_size": 128,
  "iters": 20000,
  "seed": 0,
  "device": "cuda",
  "logic_gates": 8192,
  "best_val": 0.761,
  "test_acc": 0.7525,
  "test_soft": 0.8751,
  "discretization_gap": 0.12260000000000004,
  "n_skipped": 0,
  "train_minutes": 27.81677396694819,
  "grad_profile": [
    1.4660909175872803,
    1.2276976108551025,
    1.10621178150177,
    0.9816439747810364,
    0.8848475217819214,
    0.8154029250144958,
    0.7392370104789734,
    0.6665717959403992,
    0.6014973521232605,
    0.5347890257835388,
    0.4683426022529602,
    0.4002233147621155,
    0.3325890898704529,
    0.2603578567504883,
    0.18661430478096008,
    0.11678650230169296,
    0.06623006612062454,
    0.03781663253903389,
    0.027671445161104202,
    0.01936669461429119
  ]
}