{
  "task": "copy",
  "mechanism": "gated",
  "seq_len": 35,
  "hidden": 1024,
  "cell_layers": 2,
  "keep_bias": 3.0,
  "tau": 30.0,
  "grad_factor": 1.0,
  "grad_clip": 1.0,
  "lr": 0.003,
  "lr_min": 0.0003,
  "entropy_reg": 0.0,
  "batch_size": 128,
  "iters": 20000,
  "seed": 0,
  "device": "cuda",
  "logic_gates": 4096,
  "best_val": 0.8758,
  "test_acc": 0.8784,
  "test_soft": 0.8786,
  "discretization_gap": 0.000200000000000089,
  "n_skipped": 0,
  "train_minutes": 36.14420247077942,
  "grad_profile": [
    99.12935638427734,
    92.0228271484375,
    77.79631042480469,
    63.64057922363281,
    50.389259338378906,
    38.95137405395508,
    30.189697265625,
    23.734535217285156,
    17.754512786865234,
    12.432576179504395,
    8.785972595214844,
    7.000805854797363,
    5.519048690795898,
    4.30507755279541,
    3.3221635818481445,
    2.5327227115631104,
    1.9061801433563232,
    1.4163384437561035,
    1.0409035682678223,
    0.757610023021698,
    0.5476088523864746,
    0.39495357871055603,
    0.28624778985977173,
    0.21013623476028442,
    0.1571395993232727,
    0.11953824013471603,
    0.0918615311384201,
    0.07077965885400772,
    0.05410602688789368,
    0.04031562805175781,
    0.03062533214688301,
    0.024362459778785706,
    0.020486995577812195,
    0.01784585788846016,
    0.016446201130747795
  ]
}