{
  "task": "copy",
  "mechanism": "lstm",
  "seq_len": 20,
  "hidden": 1024,
  "cell_layers": 2,
  "keep_bias": 4.0,
  "tau": 30.0,
  "grad_factor": 1.0,
  "grad_clip": 1.0,
  "lr": 0.003,
  "lr_min": 0.0003,
  "entropy_reg": 0.0,
  "batch_size": 128,
  "iters": 20000,
  "seed": 0,
  "device": "cuda",
  "logic_gates": 10240,
  "best_val": 0.7606,
  "test_acc": 0.7566,
  "test_soft": 0.878,
  "discretization_gap": 0.12139999999999995,
  "n_skipped": 0,
  "train_minutes": 54.711987781524655,
  "grad_profile": [
    2.110522985458374,
    1.6203160285949707,
    1.3714991807937622,
    1.1169039011001587,
    0.9016581773757935,
    0.7857344746589661,
    0.6467612981796265,
    0.5239909887313843,
    0.4163006842136383,
    0.32903406023979187,
    0.2579573392868042,
    0.20005890727043152,
    0.1530916392803192,
    0.11511325091123581,
    0.08338380604982376,
    0.05800781399011612,
    0.040373850613832474,
    0.03011486306786537,
    0.025212738662958145,
    0.019894002005457878
  ]
}