{
  "task": "copy",
  "mechanism": "rddlgn",
  "seq_len": 35,
  "test_seq_len": 35,
  "latch_kind": null,
  "hard_state": null,
  "hard_control": null,
  "anneal": null,
  "hidden": 2048,
  "cell_layers": 2,
  "keep_bias": 3.0,
  "tau": 30.0,
  "grad_factor": 1.0,
  "grad_clip": 1.0,
  "lr": 0.003,
  "lr_min": 0.0003,
  "entropy_reg": 0.0,
  "margin_reg": 0.0,
  "deep_sup": 0.0,
  "running_target": false,
  "state_mushy_by_t": null,
  "batch_size": 128,
  "iters": 20000,
  "seed": 2,
  "device": "cuda",
  "logic_gates": 4096,
  "best_val": 0.25,
  "test_acc": 0.2494,
  "test_soft": 0.1248,
  "discretization_gap": -0.12460000000000002,
  "n_skipped": 0,
  "train_minutes": 18.078964948654175,
  "grad_profile": null,
  "gate_totals": [
    220,
    251,
    205,
    285,
    194,
    302,
    379,
    177,
    193,
    430,
    309,
    213,
    315,
    201,
    226,
    196
  ],
  "gate_distribution": {
    "cell.update.net.0": [
      95,
      116,
      106,
      149,
      93,
      171,
      161,
      93,
      97,
      215,
      167,
      105,
      163,
      100,
      120,
      97
    ],
    "cell.update.net.1": [
      125,
      135,
      99,
      136,
      101,
      131,
      218,
      84,
      96,
      215,
      142,
      108,
      152,
      101,
      106,
      99
    ]
  }
}