{
  "task": "copy",
  "mechanism": "gru_cell",
  "seq_len": 50,
  "hidden": 1024,
  "cell_layers": 2,
  "keep_bias": 3.0,
  "tau": 30.0,
  "grad_factor": 1.0,
  "grad_clip": 1.0,
  "lr": 0.003,
  "lr_min": 0.0003,
  "entropy_reg": 0.0,
  "batch_size": 128,
  "iters": 20000,
  "seed": 0,
  "device": "cuda",
  "logic_gates": 8192,
  "best_val": 0.1316,
  "test_acc": 0.1263,
  "test_soft": 0.1214,
  "discretization_gap": -0.004900000000000002,
  "n_skipped": 0,
  "train_minutes": 64.60117778380712,
  "grad_profile": [
    1.367378808936337e-05,
    1.4151630239211954e-05,
    1.4652924619440455e-05,
    1.5179287402133923e-05,
    1.5732475731056184e-05,
    1.6314408640027978e-05,
    1.6927195247262716e-05,
    1.7573142031324096e-05,
    1.8254797396366484e-05,
    1.8974968043039553e-05,
    1.9736760805244558e-05,
    2.054362448689062e-05,
    2.139939351764042e-05,
    2.2308353436528705e-05,
    2.3275297280633822e-05,
    2.4305618353537284e-05,
    2.5405388441868126e-05,
    2.658148150658235e-05,
    2.7841701012221165e-05,
    2.9194938178989105e-05,
    3.065136115765199e-05,
    3.2222647860180587e-05,
    3.39222424372565e-05,
    3.576571907615289e-05,
    3.77711548935622e-05,
    3.995965016656555e-05,
    4.235593223711476e-05,
    4.498910129768774e-05,
    4.789359081769362e-05,
    5.1110338972648606e-05,
    5.468832387123257e-05,
    5.868646621820517e-05,
    6.317615770967677e-05,
    6.824456067988649e-05,
    7.399897731374949e-05,
    8.057276863837615e-05,
    8.813350723357871e-05,
    9.689430589787662e-05,
    0.00010713004303397611,
    0.00011920101678697392,
    0.00013358829892240465,
    0.00015094813716132194,
    0.0001721982262097299,
    0.00019865931244567037,
    0.00023229693761095405,
    0.00027615076396614313,
    0.0003351329651195556,
    0.00041757896542549133,
    0.0005383881507441401,
    0.0007256997632794082
  ]
}