{
  "task": "copy",
  "mechanism": "combo",
  "seq_len": 50,
  "latch_kind": null,
  "hard_state": true,
  "hard_control": null,
  "anneal": "0.1,0.6",
  "hidden": 1024,
  "cell_layers": 2,
  "keep_bias": 3.0,
  "tau": 30.0,
  "grad_factor": 1.0,
  "grad_clip": 1.0,
  "lr": 0.003,
  "lr_min": 0.0003,
  "entropy_reg": 0.0,
  "batch_size": 128,
  "iters": 20000,
  "seed": 0,
  "device": "cuda",
  "logic_gates": 4096,
  "best_val": 0.1316,
  "test_acc": 0.1263,
  "test_soft": 0.122,
  "discretization_gap": -0.004299999999999998,
  "n_skipped": 0,
  "train_minutes": 37.03777511119843,
  "grad_profile": null,
  "gate_totals": [
    178,
    191,
    181,
    225,
    188,
    225,
    235,
    206,
    171,
    242,
    218,
    198,
    213,
    164,
    213,
    1048
  ],
  "gate_distribution": {
    "cell.candidate.net.0": [
      55,
      68,
      55,
      58,
      59,
      61,
      76,
      69,
      48,
      79,
      63,
      65,
      79,
      57,
      72,
      60
    ],
    "cell.candidate.net.1": [
      60,
      54,
      42,
      83,
      57,
      76,
      81,
      64,
      55,
      77,
      66,
      60,
      61,
      52,
      69,
      67
    ],
    "cell.gate.net.0": [
      55,
      60,
      74,
      73,
      56,
      71,
      61,
      62,
      60,
      72,
      80,
      64,
      63,
      45,
      64,
      64
    ],
    "cell.gate.net.1": [
      8,
      9,
      10,
      11,
      16,
      17,
      17,
      11,
      8,
      14,
      9,
      9,
      10,
      10,
      8,
      857
    ]
  }
}