{
  "task": "copy",
  "mechanism": "lstm",
  "seq_len": 50,
  "hidden": 1024,
  "cell_layers": 2,
  "keep_bias": 4.0,
  "tau": 30.0,
  "grad_factor": 1.0,
  "grad_clip": 1.0,
  "lr": 0.003,
  "lr_min": 0.0003,
  "entropy_reg": 0.0,
  "batch_size": 128,
  "iters": 20000,
  "seed": 0,
  "device": "cuda",
  "logic_gates": 10240,
  "best_val": 0.1316,
  "test_acc": 0.1263,
  "test_soft": 0.1216,
  "discretization_gap": -0.004699999999999996,
  "n_skipped": 0,
  "train_minutes": 124.25212749242783,
  "grad_profile": [
    7.4093004513997585e-06,
    7.793582881276961e-06,
    8.200585398299154e-06,
    8.63192599354079e-06,
    9.089359991776291e-06,
    9.574800969858188e-06,
    1.0090338037116453e-05,
    1.0638254934747238e-05,
    1.1221054592169821e-05,
    1.1841479135910049e-05,
    1.2502543540904298e-05,
    1.3207564734329935e-05,
    1.3960199794382788e-05,
    1.4764489606022835e-05,
    1.562490433570929e-05,
    1.654640436754562e-05,
    1.7534503058413975e-05,
    1.8595344954519533e-05,
    1.9735794921871275e-05,
    2.09635472856462e-05,
    2.2287247702479362e-05,
    2.3716644136584364e-05,
    2.526276875869371e-05,
    2.6938156224787235e-05,
    2.875710379157681e-05,
    3.07360096485354e-05,
    3.2893756724661216e-05,
    3.5252232919447124e-05,
    3.783694774028845e-05,
    4.067784175276756e-05,
    4.3810319766635075e-05,
    4.727654959424399e-05,
    5.112724829814397e-05,
    5.542394137592055e-05,
    6.0242091421969235e-05,
    6.567528180312365e-05,
    7.184105925261974e-05,
    7.888914115028456e-05,
    8.701326441951096e-05,
    9.646865510148928e-05,
    0.00010759871656773612,
    0.00012087705545127392,
    0.0001369762612739578,
    0.00015688472194597125,
    0.00018211155838798732,
    0.00021505518816411495,
    0.0002596746198832989,
    0.000322712556226179,
    0.0004159138770774007,
    0.000560029991902411
  ]
}