{
  "task": "copy",
  "mechanism": "rddlgn",
  "seq_len": 35,
  "hidden": 1024,
  "cell_layers": 2,
  "keep_bias": 3.0,
  "tau": 30.0,
  "grad_factor": 1.0,
  "grad_clip": 1.0,
  "lr": 0.003,
  "lr_min": 0.0003,
  "entropy_reg": 0.0,
  "batch_size": 128,
  "iters": 20000,
  "seed": 0,
  "device": "cuda",
  "logic_gates": 2048,
  "best_val": 0.2546,
  "test_acc": 0.2588,
  "test_soft": 0.1216,
  "discretization_gap": -0.1372,
  "n_skipped": 0,
  "train_minutes": 17.8125080704689,
  "grad_profile": [
    0.0,
    0.0,
    0.0,
    0.0,
    0.0,
    0.0,
    0.0,
    0.0,
    0.0,
    0.0,
    0.0,
    0.0,
    0.0,
    0.0,
    0.0,
    0.0,
    0.0,
    0.0,
    3.2418727362729993e-22,
    5.172116416636864e-21,
    7.588100636459425e-20,
    1.1138114127045698e-18,
    1.6348344686938836e-17,
    2.399586900149697e-16,
    3.5223924403876387e-15,
    5.1744012855925794e-14,
    7.601751801818157e-13,
    1.1208233126336342e-11,
    1.6958831561275645e-10,
    2.7862585572080434e-09,
    5.555317628136436e-08,
    1.620863372409076e-06,
    4.569031807477586e-05,
    0.0011958674294874072,
    0.03118346817791462
  ]
}