{
  "task": "copy",
  "mechanism": "gated",
  "seq_len": 50,
  "latch_kind": null,
  "hard_state": null,
  "hard_control": null,
  "anneal": null,
  "hidden": 1024,
  "cell_layers": 2,
  "keep_bias": 3.0,
  "tau": 30.0,
  "grad_factor": 1.0,
  "grad_clip": 1.0,
  "lr": 0.003,
  "lr_min": 0.0003,
  "entropy_reg": 0.0,
  "margin_reg": 0.1,
  "deep_sup": 0.0,
  "state_mushy_by_t": [
    0.0009765625,
    0.0205078125,
    0.083984375,
    0.12890625,
    0.17101287841796875,
    0.2255859375,
    0.29189300537109375,
    0.373046875,
    0.451171875,
    0.5322265625,
    0.583984375,
    0.6376953125,
    0.6669921875,
    0.7041015625,
    0.7314453125,
    0.7510757446289062,
    0.7626953125,
    0.7822265625,
    0.7998046875,
    0.8095703125,
    0.818359375,
    0.8212890625,
    0.822265625,
    0.82421875,
    0.828125,
    0.8310546875,
    0.8359375,
    0.837890625,
    0.8427734375,
    0.8427734375,
    0.84375,
    0.8486328125,
    0.8505859375,
    0.8525390625,
    0.853515625,
    0.8505859375,
    0.8505859375,
    0.8505859375,
    0.8515625,
    0.8505859375,
    0.849609375,
    0.8505859375,
    0.8505859375,
    0.8515625,
    0.8515625,
    0.8515625,
    0.8525390625,
    0.8525390625,
    0.8525390625,
    0.8525390625
  ],
  "batch_size": 128,
  "iters": 20000,
  "seed": 0,
  "device": "cuda",
  "logic_gates": 4096,
  "best_val": 0.1254,
  "test_acc": 0.1255,
  "test_soft": 0.1263,
  "discretization_gap": 0.0007999999999999952,
  "n_skipped": 903,
  "train_minutes": 38.63150120178859,
  "grad_profile": null,
  "gate_totals": [
    185,
    197,
    190,
    209,
    182,
    211,
    186,
    212,
    170,
    207,
    198,
    198,
    199,
    162,
    222,
    1168
  ],
  "gate_distribution": {
    "cell.candidate.net.0": [
      61,
      70,
      58,
      55,
      63,
      58,
      67,
      75,
      50,
      73,
      62,
      67,
      74,
      57,
      71,
      63
    ],
    "cell.candidate.net.1": [
      63,
      57,
      47,
      84,
      61,
      75,
      67,
      65,
      58,
      65,
      62,
      61,
      62,
      55,
      74,
      68
    ],
    "cell.gate.net.0": [
      58,
      70,
      82,
      65,
      57,
      73,
      49,
      66,
      59,
      64,
      68,
      65,
      62,
      45,
      69,
      72
    ],
    "cell.gate.net.1": [
      3,
      0,
      3,
      5,
      1,
      5,
      3,
      6,
      3,
      5,
      6,
      5,
      1,
      5,
      8,
      965
    ]
  }
}