{
  "task": "copy",
  "mechanism": "gated",
  "seq_len": 50,
  "hidden": 2048,
  "cell_layers": 2,
  "keep_bias": 3.0,
  "tau": 30.0,
  "grad_factor": 1.0,
  "grad_clip": 1.0,
  "lr": 0.003,
  "batch_size": 128,
  "iters": 30000,
  "seed": 0,
  "device": "cuda",
  "logic_gates": 8192,
  "best_val": 0.75,
  "test_acc": 0.757,
  "test_soft": 0.8786,
  "discretization_gap": 0.12160000000000004,
  "n_skipped": 1477,
  "train_minutes": 53.14646136760712,
  "grad_profile": [
    5.754395008087158,
    4.103217124938965,
    3.1563100814819336,
    2.6836044788360596,
    2.480672836303711,
    2.4073586463928223,
    2.3649840354919434,
    2.338707685470581,
    2.1361870765686035,
    1.9601613283157349,
    1.791074275970459,
    1.630141019821167,
    1.4861457347869873,
    1.351352572441101,
    1.219717025756836,
    1.0939689874649048,
    0.9760957956314087,
    0.8667939901351929,
    0.7663991451263428,
    0.6750233769416809,
    0.5923689007759094,
    0.51790452003479,
    0.45110270380973816,
    0.3914424777030945,
    0.33832859992980957,
    0.2911853492259979,
    0.24963557720184326,
    0.21335041522979736,
    0.1819310039281845,
    0.15488891303539276,
    0.1318182349205017,
    0.11240235716104507,
    0.09625954180955887,
    0.08294298499822617,
    0.07200973480939865,
    0.06302531063556671,
    0.05559935048222542,
    0.049406759440898895,
    0.04406168684363365,
    0.03926290571689606,
    0.03474266082048416,
    0.0308853592723608,
    0.027061209082603455,
    0.02358236350119114,
    0.02094431035220623,
    0.01918058842420578,
    0.018212663009762764,
    0.017958829179406166,
    0.01790100522339344,
    0.0176908690482378
  ]
}