{
  "task": "copy",
  "mechanism": "latch",
  "seq_len": 50,
  "latch_kind": "sr",
  "hard_state": true,
  "hard_control": false,
  "anneal": "0.1,0.6",
  "hidden": 1024,
  "cell_layers": 2,
  "keep_bias": 3.0,
  "tau": 30.0,
  "grad_factor": 1.0,
  "grad_clip": 1.0,
  "lr": 0.003,
  "lr_min": 0.0003,
  "entropy_reg": 0.0,
  "batch_size": 128,
  "iters": 20000,
  "seed": 0,
  "device": "cuda",
  "logic_gates": 4096,
  "best_val": 0.1316,
  "test_acc": 0.1263,
  "test_soft": 0.1255,
  "discretization_gap": -0.0007999999999999952,
  "n_skipped": 0,
  "train_minutes": 38.53895037571589,
  "grad_profile": null,
  "gate_totals": [
    1698,
    147,
    159,
    148,
    150,
    149,
    184,
    155,
    135,
    196,
    173,
    161,
    170,
    139,
    176,
    156
  ],
  "gate_distribution": {
    "cell.set_net.net.0": [
      56,
      65,
      52,
      48,
      63,
      54,
      82,
      62,
      54,
      89,
      69,
      68,
      76,
      56,
      70,
      60
    ],
    "cell.set_net.net.1": [
      757,
      14,
      10,
      23,
      14,
      22,
      25,
      24,
      10,
      18,
      25,
      19,
      13,
      16,
      16,
      18
    ],
    "cell.reset_net.net.0": [
      46,
      64,
      82,
      63,
      62,
      64,
      60,
      51,
      64,
      72,
      64,
      63,
      70,
      54,
      80,
      65
    ],
    "cell.reset_net.net.1": [
      839,
      4,
      15,
      14,
      11,
      9,
      17,
      18,
      7,
      17,
      15,
      11,
      11,
      13,
      10,
      13
    ]
  }
}