{
  "task": "copy",
  "mechanism": "latch",
  "seq_len": 50,
  "latch_kind": "sr",
  "hard_state": false,
  "hard_control": false,
  "anneal": "",
  "hidden": 1024,
  "cell_layers": 2,
  "keep_bias": 3.0,
  "tau": 30.0,
  "grad_factor": 1.0,
  "grad_clip": 1.0,
  "lr": 0.003,
  "lr_min": 0.0003,
  "entropy_reg": 0.0,
  "batch_size": 128,
  "iters": 20000,
  "seed": 0,
  "device": "cuda",
  "logic_gates": 4096,
  "best_val": 0.1254,
  "test_acc": 0.1255,
  "test_soft": 0.1263,
  "discretization_gap": 0.0007999999999999952,
  "n_skipped": 0,
  "train_minutes": 37.73279592593511,
  "grad_profile": null,
  "gate_totals": [
    1864,
    159,
    159,
    143,
    144,
    136,
    136,
    157,
    130,
    155,
    149,
    161,
    153,
    126,
    165,
    159
  ],
  "gate_distribution": {
    "cell.set_net.net.0": [
      59,
      72,
      56,
      53,
      66,
      52,
      66,
      74,
      51,
      71,
      65,
      72,
      71,
      58,
      75,
      63
    ],
    "cell.set_net.net.1": [
      867,
      14,
      10,
      9,
      9,
      14,
      7,
      9,
      11,
      10,
      12,
      11,
      11,
      9,
      8,
      13
    ],
    "cell.reset_net.net.0": [
      54,
      70,
      79,
      70,
      59,
      63,
      54,
      62,
      63,
      64,
      65,
      67,
      61,
      47,
      76,
      70
    ],
    "cell.reset_net.net.1": [
      884,
      3,
      14,
      11,
      10,
      7,
      9,
      12,
      5,
      10,
      7,
      11,
      10,
      12,
      6,
      13
    ]
  }
}