{
  "task": "copy",
  "mechanism": "gated",
  "seq_len": 50,
  "latch_kind": null,
  "hard_state": null,
  "hard_control": null,
  "anneal": null,
  "hidden": 1024,
  "cell_layers": 2,
  "keep_bias": 3.0,
  "tau": 30.0,
  "grad_factor": 1.0,
  "grad_clip": 1.0,
  "lr": 0.003,
  "lr_min": 0.0003,
  "entropy_reg": 0.0,
  "batch_size": 128,
  "iters": 20000,
  "seed": 1,
  "device": "cuda",
  "logic_gates": 4096,
  "best_val": 0.247,
  "test_acc": 0.2406,
  "test_soft": 0.7434,
  "discretization_gap": 0.5027999999999999,
  "n_skipped": 0,
  "train_minutes": 38.09719084501266,
  "grad_profile": null,
  "gate_totals": [
    198,
    220,
    203,
    446,
    178,
    395,
    87,
    162,
    200,
    104,
    416,
    149,
    438,
    173,
    234,
    493
  ],
  "gate_distribution": {
    "cell.candidate.net.0": [
      56,
      62,
      36,
      130,
      29,
      145,
      10,
      27,
      29,
      10,
      129,
      29,
      154,
      37,
      62,
      79
    ],
    "cell.candidate.net.1": [
      4,
      47,
      62,
      190,
      57,
      140,
      44,
      12,
      57,
      42,
      161,
      6,
      166,
      18,
      14,
      4
    ],
    "cell.gate.net.0": [
      72,
      76,
      58,
      87,
      54,
      64,
      23,
      64,
      63,
      32,
      78,
      54,
      75,
      53,
      89,
      82
    ],
    "cell.gate.net.1": [
      66,
      35,
      47,
      39,
      38,
      46,
      10,
      59,
      51,
      20,
      48,
      60,
      43,
      65,
      69,
      328
    ]
  }
}