{
  "task": "copy",
  "mechanism": "rddlgn",
  "seq_len": 50,
  "hidden": 1024,
  "cell_layers": 2,
  "keep_bias": 3.0,
  "tau": 30.0,
  "grad_factor": 1.0,
  "grad_clip": 1.0,
  "lr": 0.003,
  "lr_min": 0.0003,
  "entropy_reg": 0.0,
  "batch_size": 128,
  "iters": 20000,
  "seed": 0,
  "device": "cuda",
  "logic_gates": 2048,
  "best_val": 0.2546,
  "test_acc": 0.2588,
  "test_soft": 0.1216,
  "discretization_gap": -0.1372,
  "n_skipped": 0,
  "train_minutes": 26.111465724309287,
  "grad_profile": [
    0.0,
    0.0,
    0.0,
    0.0,
    0.0,
    0.0,
    0.0,
    0.0,
    0.0,
    0.0,
    0.0,
    0.0,
    0.0,
    0.0,
    0.0,
    0.0,
    0.0,
    0.0,
    0.0,
    0.0,
    0.0,
    0.0,
    0.0,
    0.0,
    0.0,
    0.0,
    0.0,
    0.0,
    0.0,
    0.0,
    0.0,
    0.0,
    0.0,
    0.0,
    2.3254270470658628e-21,
    3.63355175311771e-20,
    5.629462444742417e-19,
    8.720969334049634e-18,
    1.3510235065710194e-16,
    2.0933529906795416e-15,
    3.248070147804198e-14,
    5.041936920052725e-13,
    7.874845740774017e-12,
    1.2823286876795237e-10,
    2.317925851258451e-09,
    5.1035534909260605e-08,
    1.5664729744457873e-06,
    4.469636405701749e-05,
    0.0011863496620208025,
    0.031184261664748192
  ]
}