{
  "task": "distcopy",
  "mechanism": "clatch",
  "seq_len": 50,
  "test_seq_len": 50,
  "latch_kind": null,
  "hard_state": true,
  "hard_control": null,
  "anneal": "0.1,0.6",
  "hidden": 1024,
  "cell_layers": 2,
  "keep_bias": 3.0,
  "tau": 30.0,
  "grad_factor": 1.0,
  "grad_clip": 1.0,
  "lr": 0.003,
  "lr_min": 0.0003,
  "entropy_reg": 0.0,
  "margin_reg": 0.0,
  "deep_sup": 0.2,
  "running_target": false,
  "state_mushy_by_t": null,
  "batch_size": 128,
  "iters": 20000,
  "seed": 1,
  "device": "cuda",
  "logic_gates": 4096,
  "best_val": 0.7384,
  "test_acc": 0.754,
  "test_soft": 0.7541,
  "discretization_gap": 9.999999999998899e-05,
  "n_skipped": 0,
  "train_minutes": 38.11157254378001,
  "grad_profile": null,
  "gate_totals": [
    230,
    226,
    201,
    426,
    208,
    425,
    93,
    217,
    211,
    104,
    463,
    200,
    444,
    215,
    200,
    233
  ],
  "gate_distribution": {
    "cell.candidate.net.0": [
      67,
      53,
      37,
      139,
      37,
      121,
      16,
      36,
      30,
      14,
      134,
      43,
      131,
      45,
      60,
      61
    ],
    "cell.candidate.net.1": [
      2,
      71,
      66,
      125,
      69,
      141,
      42,
      12,
      54,
      46,
      182,
      9,
      173,
      13,
      14,
      5
    ],
    "cell.gate.net.0": [
      107,
      58,
      54,
      77,
      52,
      76,
      19,
      77,
      75,
      23,
      65,
      58,
      64,
      66,
      45,
      108
    ],
    "cell.gate.net.1": [
      54,
      44,
      44,
      85,
      50,
      87,
      16,
      92,
      52,
      21,
      82,
      90,
      76,
      91,
      81,
      59
    ]
  }
}