{
  "task": "distcopy",
  "mechanism": "clatch",
  "seq_len": 50,
  "test_seq_len": 50,
  "latch_kind": null,
  "hard_state": true,
  "hard_control": null,
  "anneal": "0.1,0.6",
  "hidden": 1024,
  "cell_layers": 2,
  "keep_bias": 3.0,
  "tau": 30.0,
  "grad_factor": 1.0,
  "grad_clip": 1.0,
  "lr": 0.003,
  "lr_min": 0.0003,
  "entropy_reg": 0.0,
  "margin_reg": 0.0,
  "deep_sup": 0.2,
  "running_target": false,
  "state_mushy_by_t": null,
  "batch_size": 128,
  "iters": 20000,
  "seed": 1,
  "device": "cuda",
  "logic_gates": 4096,
  "best_val": 0.8866,
  "test_acc": 0.8686,
  "test_soft": 0.7493,
  "discretization_gap": -0.11930000000000007,
  "n_skipped": 0,
  "train_minutes": 39.99806525309881,
  "grad_profile": null,
  "gate_totals": [
    231,
    207,
    178,
    432,
    212,
    440,
    101,
    210,
    215,
    107,
    478,
    196,
    418,
    198,
    193,
    280
  ],
  "gate_distribution": {
    "cell.candidate.net.0": [
      69,
      39,
      33,
      154,
      45,
      128,
      5,
      30,
      30,
      11,
      151,
      36,
      133,
      45,
      53,
      62
    ],
    "cell.candidate.net.1": [
      2,
      54,
      55,
      138,
      65,
      157,
      46,
      11,
      60,
      53,
      176,
      11,
      166,
      13,
      11,
      6
    ],
    "cell.gate.net.0": [
      111,
      58,
      49,
      62,
      48,
      77,
      30,
      96,
      79,
      24,
      77,
      58,
      55,
      53,
      59,
      88
    ],
    "cell.gate.net.1": [
      49,
      56,
      41,
      78,
      54,
      78,
      20,
      73,
      46,
      19,
      74,
      91,
      64,
      87,
      70,
      124
    ]
  }
}