{
  "task": "distcopy",
  "mechanism": "clatch",
  "seq_len": 50,
  "test_seq_len": 50,
  "latch_kind": null,
  "hard_state": true,
  "hard_control": null,
  "anneal": "0.1,0.6",
  "hidden": 1024,
  "cell_layers": 2,
  "keep_bias": 3.0,
  "tau": 30.0,
  "grad_factor": 1.0,
  "grad_clip": 1.0,
  "lr": 0.003,
  "lr_min": 0.0003,
  "entropy_reg": 0.0,
  "margin_reg": 0.0,
  "deep_sup": 0.2,
  "running_target": false,
  "state_mushy_by_t": null,
  "batch_size": 128,
  "iters": 20000,
  "seed": 0,
  "device": "cuda",
  "logic_gates": 4096,
  "best_val": 0.8902,
  "test_acc": 0.8792,
  "test_soft": 0.879,
  "discretization_gap": -0.00019999999999997797,
  "n_skipped": 0,
  "train_minutes": 38.86160119771957,
  "grad_profile": null,
  "gate_totals": [
    249,
    201,
    205,
    435,
    196,
    455,
    94,
    242,
    229,
    92,
    438,
    212,
    387,
    210,
    249,
    202
  ],
  "gate_distribution": {
    "cell.candidate.net.0": [
      71,
      38,
      42,
      134,
      50,
      149,
      14,
      42,
      32,
      11,
      131,
      40,
      103,
      43,
      57,
      67
    ],
    "cell.candidate.net.1": [
      2,
      60,
      52,
      167,
      58,
      144,
      55,
      16,
      60,
      54,
      157,
      18,
      143,
      18,
      18,
      2
    ],
    "cell.gate.net.0": [
      116,
      56,
      56,
      66,
      47,
      74,
      12,
      78,
      77,
      18,
      79,
      54,
      54,
      61,
      67,
      109
    ],
    "cell.gate.net.1": [
      60,
      47,
      55,
      68,
      41,
      88,
      13,
      106,
      60,
      9,
      71,
      100,
      87,
      88,
      107,
      24
    ]
  }
}