{
  "task": "distcopy",
  "mechanism": "gated",
  "seq_len": 50,
  "test_seq_len": 50,
  "latch_kind": null,
  "hard_state": null,
  "hard_control": null,
  "anneal": null,
  "hidden": 1024,
  "cell_layers": 2,
  "keep_bias": 3.0,
  "tau": 30.0,
  "grad_factor": 1.0,
  "grad_clip": 1.0,
  "lr": 0.003,
  "lr_min": 0.0003,
  "entropy_reg": 0.0,
  "margin_reg": 0.0,
  "deep_sup": 0.2,
  "running_target": false,
  "state_mushy_by_t": null,
  "batch_size": 128,
  "iters": 20000,
  "seed": 0,
  "device": "cuda",
  "logic_gates": 4096,
  "best_val": 0.8892,
  "test_acc": 0.8782,
  "test_soft": 1.0,
  "discretization_gap": 0.12180000000000002,
  "n_skipped": 0,
  "train_minutes": 40.00738728841146,
  "grad_profile": null,
  "gate_totals": [
    254,
    210,
    208,
    433,
    204,
    456,
    90,
    252,
    214,
    89,
    429,
    202,
    394,
    212,
    248,
    201
  ],
  "gate_distribution": {
    "cell.candidate.net.0": [
      71,
      43,
      45,
      128,
      46,
      146,
      12,
      49,
      32,
      11,
      121,
      43,
      108,
      47,
      61,
      61
    ],
    "cell.candidate.net.1": [
      2,
      62,
      59,
      164,
      56,
      149,
      53,
      12,
      60,
      56,
      155,
      19,
      140,
      16,
      19,
      2
    ],
    "cell.gate.net.0": [
      119,
      54,
      53,
      65,
      50,
      72,
      14,
      77,
      72,
      18,
      74,
      51,
      60,
      64,
      63,
      118
    ],
    "cell.gate.net.1": [
      62,
      51,
      51,
      76,
      52,
      89,
      11,
      114,
      50,
      4,
      79,
      89,
      86,
      85,
      105,
      20
    ]
  }
}