{
  "task": "distcopy",
  "mechanism": "clatch",
  "seq_len": 50,
  "test_seq_len": 50,
  "latch_kind": null,
  "hard_state": true,
  "hard_control": null,
  "anneal": "0.1,0.6",
  "hidden": 1024,
  "cell_layers": 2,
  "keep_bias": 3.0,
  "tau": 30.0,
  "grad_factor": 1.0,
  "grad_clip": 1.0,
  "lr": 0.003,
  "lr_min": 0.0003,
  "entropy_reg": 0.0,
  "margin_reg": 0.0,
  "deep_sup": 0.2,
  "running_target": false,
  "state_mushy_by_t": null,
  "batch_size": 128,
  "iters": 20000,
  "seed": 2,
  "device": "cuda",
  "logic_gates": 4096,
  "best_val": 0.8844,
  "test_acc": 0.872,
  "test_soft": 0.8709,
  "discretization_gap": -0.0010999999999999899,
  "n_skipped": 0,
  "train_minutes": 38.34204968214035,
  "grad_profile": null,
  "gate_totals": [
    222,
    207,
    207,
    449,
    197,
    412,
    94,
    237,
    214,
    129,
    450,
    188,
    420,
    230,
    226,
    214
  ],
  "gate_distribution": {
    "cell.candidate.net.0": [
      64,
      44,
      41,
      126,
      49,
      121,
      16,
      27,
      38,
      24,
      137,
      34,
      146,
      34,
      44,
      79
    ],
    "cell.candidate.net.1": [
      1,
      61,
      66,
      161,
      51,
      150,
      46,
      17,
      40,
      69,
      161,
      15,
      149,
      18,
      14,
      5
    ],
    "cell.gate.net.0": [
      108,
      59,
      66,
      64,
      55,
      69,
      19,
      77,
      75,
      19,
      70,
      48,
      59,
      55,
      70,
      111
    ],
    "cell.gate.net.1": [
      49,
      43,
      34,
      98,
      42,
      72,
      13,
      116,
      61,
      17,
      82,
      91,
      66,
      123,
      98,
      19
    ]
  }
}