{
  "task": "distcopy",
  "mechanism": "clatch",
  "seq_len": 50,
  "test_seq_len": 50,
  "latch_kind": null,
  "hard_state": true,
  "hard_control": null,
  "anneal": "0.1,0.6",
  "hidden": 1024,
  "cell_layers": 2,
  "keep_bias": 3.0,
  "tau": 30.0,
  "grad_factor": 1.0,
  "grad_clip": 1.0,
  "lr": 0.003,
  "lr_min": 0.0003,
  "entropy_reg": 0.0,
  "margin_reg": 0.0,
  "deep_sup": 0.2,
  "running_target": false,
  "state_mushy_by_t": null,
  "batch_size": 128,
  "iters": 20000,
  "seed": 0,
  "device": "cuda",
  "logic_gates": 4096,
  "best_val": 1.0,
  "test_acc": 0.9999,
  "test_soft": 0.8782,
  "discretization_gap": -0.12170000000000003,
  "n_skipped": 0,
  "train_minutes": 38.279290250937144,
  "grad_profile": null,
  "gate_totals": [
    253,
    197,
    185,
    435,
    187,
    451,
    85,
    252,
    225,
    84,
    435,
    213,
    399,
    212,
    272,
    211
  ],
  "gate_distribution": {
    "cell.candidate.net.0": [
      74,
      39,
      36,
      135,
      32,
      149,
      16,
      41,
      45,
      9,
      133,
      35,
      99,
      50,
      63,
      68
    ],
    "cell.candidate.net.1": [
      0,
      58,
      58,
      166,
      57,
      151,
      46,
      21,
      50,
      55,
      154,
      21,
      147,
      15,
      22,
      3
    ],
    "cell.gate.net.0": [
      125,
      56,
      46,
      58,
      45,
      66,
      10,
      86,
      71,
      10,
      71,
      57,
      64,
      57,
      78,
      124
    ],
    "cell.gate.net.1": [
      54,
      44,
      45,
      76,
      53,
      85,
      13,
      104,
      59,
      10,
      77,
      100,
      89,
      90,
      109,
      16
    ]
  }
}