{
  "task": "parity",
  "mechanism": "gated",
  "seq_len": 32,
  "test_seq_len": 32,
  "latch_kind": null,
  "hard_state": null,
  "hard_control": null,
  "anneal": null,
  "hidden": 512,
  "cell_layers": 2,
  "keep_bias": 0.0,
  "tau": 30.0,
  "grad_factor": 1.0,
  "grad_clip": 1.0,
  "lr": 0.003,
  "lr_min": 0.0003,
  "entropy_reg": 0.0,
  "margin_reg": 0.0,
  "deep_sup": 0.3,
  "running_target": true,
  "state_mushy_by_t": null,
  "batch_size": 128,
  "iters": 20000,
  "seed": 0,
  "device": "cuda",
  "logic_gates": 2048,
  "best_val": 0.5228,
  "test_acc": 0.5011,
  "test_soft": 0.5015,
  "discretization_gap": 0.00039999999999995595,
  "n_skipped": 0,
  "train_minutes": 26.45080340305964,
  "grad_profile": null,
  "gate_totals": [
    105,
    111,
    117,
    169,
    100,
    160,
    173,
    122,
    101,
    175,
    146,
    95,
    142,
    105,
    112,
    115
  ],
  "gate_distribution": {
    "cell.candidate.net.0": [
      16,
      31,
      25,
      52,
      30,
      43,
      48,
      27,
      19,
      50,
      33,
      23,
      41,
      22,
      30,
      22
    ],
    "cell.candidate.net.1": [
      28,
      27,
      17,
      40,
      28,
      45,
      49,
      26,
      21,
      47,
      39,
      26,
      36,
      24,
      27,
      32
    ],
    "cell.gate.net.0": [
      34,
      35,
      37,
      38,
      21,
      31,
      31,
      38,
      38,
      29,
      42,
      28,
      31,
      21,
      27,
      31
    ],
    "cell.gate.net.1": [
      27,
      18,
      38,
      39,
      21,
      41,
      45,
      31,
      23,
      49,
      32,
      18,
      34,
      38,
      28,
      30
    ]
  }
}