{
  "task": "parity",
  "mechanism": "clatch",
  "seq_len": 32,
  "test_seq_len": 32,
  "latch_kind": null,
  "hard_state": true,
  "hard_control": null,
  "anneal": "0.1,0.6",
  "hidden": 512,
  "cell_layers": 2,
  "keep_bias": 0.0,
  "tau": 30.0,
  "grad_factor": 1.0,
  "grad_clip": 1.0,
  "lr": 0.003,
  "lr_min": 0.0003,
  "entropy_reg": 0.0,
  "margin_reg": 0.0,
  "deep_sup": 0.3,
  "running_target": true,
  "state_mushy_by_t": null,
  "batch_size": 128,
  "iters": 20000,
  "seed": 0,
  "device": "cuda",
  "logic_gates": 2048,
  "best_val": 0.523,
  "test_acc": 0.5038,
  "test_soft": 0.5009,
  "discretization_gap": -0.0029000000000000137,
  "n_skipped": 0,
  "train_minutes": 26.061607416470846,
  "grad_profile": null,
  "gate_totals": [
    107,
    113,
    119,
    161,
    112,
    156,
    162,
    119,
    105,
    169,
    140,
    102,
    140,
    111,
    112,
    120
  ],
  "gate_distribution": {
    "cell.candidate.net.0": [
      16,
      33,
      26,
      50,
      31,
      37,
      45,
      27,
      21,
      48,
      32,
      25,
      43,
      25,
      30,
      23
    ],
    "cell.candidate.net.1": [
      31,
      26,
      18,
      40,
      30,
      47,
      40,
      27,
      22,
      43,
      36,
      27,
      32,
      27,
      30,
      36
    ],
    "cell.gate.net.0": [
      33,
      34,
      34,
      35,
      24,
      30,
      34,
      36,
      37,
      31,
      40,
      31,
      34,
      23,
      25,
      31
    ],
    "cell.gate.net.1": [
      27,
      20,
      41,
      36,
      27,
      42,
      43,
      29,
      25,
      47,
      32,
      19,
      31,
      36,
      27,
      30
    ]
  }
}