{
  "task": "parity",
  "mechanism": "gated",
  "seq_len": 32,
  "test_seq_len": 32,
  "latch_kind": null,
  "hard_state": null,
  "hard_control": null,
  "anneal": null,
  "hidden": 512,
  "cell_layers": 2,
  "keep_bias": 0.0,
  "tau": 30.0,
  "grad_factor": 1.0,
  "grad_clip": 1.0,
  "lr": 0.003,
  "lr_min": 0.0003,
  "entropy_reg": 0.0,
  "margin_reg": 0.0,
  "deep_sup": 0.3,
  "running_target": true,
  "state_mushy_by_t": null,
  "batch_size": 128,
  "iters": 20000,
  "seed": 1,
  "device": "cuda",
  "logic_gates": 2048,
  "best_val": 0.5058,
  "test_acc": 0.5037,
  "test_soft": 0.511,
  "discretization_gap": 0.007299999999999973,
  "n_skipped": 0,
  "train_minutes": 26.817586008707682,
  "grad_profile": null,
  "gate_totals": [
    91,
    119,
    112,
    138,
    118,
    145,
    182,
    113,
    129,
    187,
    146,
    104,
    137,
    108,
    112,
    107
  ],
  "gate_distribution": {
    "cell.candidate.net.0": [
      16,
      25,
      27,
      44,
      18,
      41,
      56,
      25,
      29,
      44,
      43,
      27,
      35,
      30,
      27,
      25
    ],
    "cell.candidate.net.1": [
      23,
      27,
      14,
      39,
      33,
      44,
      59,
      23,
      30,
      64,
      31,
      25,
      33,
      19,
      26,
      22
    ],
    "cell.gate.net.0": [
      26,
      39,
      37,
      29,
      38,
      31,
      24,
      41,
      40,
      35,
      32,
      19,
      30,
      29,
      31,
      31
    ],
    "cell.gate.net.1": [
      26,
      28,
      34,
      26,
      29,
      29,
      43,
      24,
      30,
      44,
      40,
      33,
      39,
      30,
      28,
      29
    ]
  }
}