{
  "task": "parity",
  "mechanism": "clatch",
  "seq_len": 16,
  "test_seq_len": 16,
  "latch_kind": null,
  "hard_state": true,
  "hard_control": null,
  "anneal": "0.1,0.6",
  "hidden": 512,
  "cell_layers": 2,
  "keep_bias": 0.0,
  "tau": 30.0,
  "grad_factor": 1.0,
  "grad_clip": 1.0,
  "lr": 0.003,
  "lr_min": 0.0003,
  "entropy_reg": 0.0,
  "margin_reg": 0.0,
  "deep_sup": 0.3,
  "running_target": true,
  "state_mushy_by_t": null,
  "batch_size": 128,
  "iters": 20000,
  "seed": 1,
  "device": "cuda",
  "logic_gates": 2048,
  "best_val": 0.5084,
  "test_acc": 0.5,
  "test_soft": 0.5008,
  "discretization_gap": 0.0008000000000000229,
  "n_skipped": 0,
  "train_minutes": 13.637055615584055,
  "grad_profile": null,
  "gate_totals": [
    87,
    122,
    106,
    153,
    123,
    147,
    201,
    95,
    129,
    198,
    143,
    100,
    145,
    96,
    111,
    92
  ],
  "gate_distribution": {
    "cell.candidate.net.0": [
      20,
      24,
      23,
      47,
      20,
      36,
      58,
      25,
      29,
      46,
      39,
      30,
      36,
      29,
      27,
      23
    ],
    "cell.candidate.net.1": [
      22,
      29,
      17,
      38,
      33,
      44,
      56,
      22,
      33,
      63,
      33,
      24,
      33,
      19,
      25,
      21
    ],
    "cell.gate.net.0": [
      24,
      39,
      37,
      34,
      39,
      31,
      31,
      31,
      39,
      39,
      32,
      15,
      37,
      25,
      33,
      26
    ],
    "cell.gate.net.1": [
      21,
      30,
      29,
      34,
      31,
      36,
      56,
      17,
      28,
      50,
      39,
      31,
      39,
      23,
      26,
      22
    ]
  }
}