{
  "task": "parity",
  "mechanism": "gated",
  "seq_len": 32,
  "test_seq_len": 32,
  "latch_kind": null,
  "hard_state": null,
  "hard_control": null,
  "anneal": null,
  "hidden": 512,
  "cell_layers": 2,
  "keep_bias": 0.0,
  "tau": 30.0,
  "grad_factor": 1.0,
  "grad_clip": 1.0,
  "lr": 0.003,
  "lr_min": 0.0003,
  "entropy_reg": 0.0,
  "margin_reg": 0.0,
  "deep_sup": 0.3,
  "running_target": true,
  "state_mushy_by_t": null,
  "batch_size": 128,
  "iters": 20000,
  "seed": 2,
  "device": "cuda",
  "logic_gates": 2048,
  "best_val": 0.5124,
  "test_acc": 0.5071,
  "test_soft": 0.4891,
  "discretization_gap": -0.018000000000000016,
  "n_skipped": 0,
  "train_minutes": 26.42844042380651,
  "grad_profile": null,
  "gate_totals": [
    116,
    134,
    116,
    182,
    97,
    152,
    175,
    91,
    108,
    169,
    144,
    98,
    163,
    93,
    113,
    97
  ],
  "gate_distribution": {
    "cell.candidate.net.0": [
      25,
      26,
      21,
      43,
      19,
      45,
      45,
      21,
      25,
      46,
      39,
      27,
      53,
      21,
      33,
      23
    ],
    "cell.candidate.net.1": [
      28,
      28,
      29,
      51,
      20,
      46,
      55,
      16,
      27,
      46,
      35,
      25,
      46,
      15,
      22,
      23
    ],
    "cell.gate.net.0": [
      35,
      44,
      40,
      36,
      30,
      39,
      27,
      37,
      25,
      28,
      29,
      26,
      36,
      22,
      26,
      32
    ],
    "cell.gate.net.1": [
      28,
      36,
      26,
      52,
      28,
      22,
      48,
      17,
      31,
      49,
      41,
      20,
      28,
      35,
      32,
      19
    ]
  }
}