{
  "task": "parity",
  "mechanism": "clatch",
  "seq_len": 16,
  "test_seq_len": 16,
  "latch_kind": null,
  "hard_state": true,
  "hard_control": null,
  "anneal": "0.1,0.6",
  "hidden": 512,
  "cell_layers": 2,
  "keep_bias": 0.0,
  "tau": 30.0,
  "grad_factor": 1.0,
  "grad_clip": 1.0,
  "lr": 0.003,
  "lr_min": 0.0003,
  "entropy_reg": 0.0,
  "margin_reg": 0.0,
  "deep_sup": 0.3,
  "running_target": true,
  "state_mushy_by_t": null,
  "batch_size": 128,
  "iters": 20000,
  "seed": 0,
  "device": "cuda",
  "logic_gates": 2048,
  "best_val": 0.5036,
  "test_acc": 0.5057,
  "test_soft": 0.4929,
  "discretization_gap": -0.012800000000000034,
  "n_skipped": 0,
  "train_minutes": 13.487236599127451,
  "grad_profile": null,
  "gate_totals": [
    109,
    116,
    116,
    159,
    110,
    149,
    171,
    120,
    103,
    169,
    134,
    104,
    138,
    110,
    121,
    119
  ],
  "gate_distribution": {
    "cell.candidate.net.0": [
      16,
      36,
      26,
      44,
      35,
      35,
      46,
      26,
      19,
      49,
      31,
      28,
      41,
      25,
      32,
      23
    ],
    "cell.candidate.net.1": [
      29,
      27,
      18,
      43,
      31,
      44,
      44,
      28,
      23,
      43,
      35,
      24,
      30,
      24,
      31,
      38
    ],
    "cell.gate.net.0": [
      35,
      34,
      33,
      36,
      20,
      31,
      33,
      35,
      35,
      27,
      39,
      33,
      36,
      24,
      31,
      30
    ],
    "cell.gate.net.1": [
      29,
      19,
      39,
      36,
      24,
      39,
      48,
      31,
      26,
      50,
      29,
      19,
      31,
      37,
      27,
      28
    ]
  }
}