{
  "task": "parity",
  "mechanism": "clatch",
  "seq_len": 32,
  "test_seq_len": 32,
  "latch_kind": null,
  "hard_state": true,
  "hard_control": null,
  "anneal": "0.1,0.6",
  "hidden": 512,
  "cell_layers": 2,
  "keep_bias": 0.0,
  "tau": 30.0,
  "grad_factor": 1.0,
  "grad_clip": 1.0,
  "lr": 0.003,
  "lr_min": 0.0003,
  "entropy_reg": 0.0,
  "margin_reg": 0.0,
  "deep_sup": 0.3,
  "running_target": true,
  "state_mushy_by_t": null,
  "batch_size": 128,
  "iters": 20000,
  "seed": 1,
  "device": "cuda",
  "logic_gates": 2048,
  "best_val": 0.5028,
  "test_acc": 0.4956,
  "test_soft": 0.4959,
  "discretization_gap": 0.00030000000000002247,
  "n_skipped": 0,
  "train_minutes": 26.0721617102623,
  "grad_profile": null,
  "gate_totals": [
    89,
    119,
    110,
    149,
    125,
    143,
    191,
    102,
    129,
    189,
    149,
    104,
    142,
    98,
    108,
    101
  ],
  "gate_distribution": {
    "cell.candidate.net.0": [
      13,
      25,
      26,
      46,
      20,
      38,
      58,
      24,
      28,
      46,
      44,
      28,
      34,
      31,
      26,
      25
    ],
    "cell.candidate.net.1": [
      23,
      27,
      15,
      39,
      33,
      43,
      57,
      24,
      32,
      62,
      32,
      27,
      33,
      19,
      25,
      21
    ],
    "cell.gate.net.0": [
      27,
      36,
      37,
      31,
      40,
      30,
      27,
      32,
      42,
      36,
      37,
      18,
      35,
      23,
      31,
      30
    ],
    "cell.gate.net.1": [
      26,
      31,
      32,
      33,
      32,
      32,
      49,
      22,
      27,
      45,
      36,
      31,
      40,
      25,
      26,
      25
    ]
  }
}