{
  "task": "parity",
  "mechanism": "clatch",
  "seq_len": 32,
  "test_seq_len": 32,
  "latch_kind": null,
  "hard_state": true,
  "hard_control": null,
  "anneal": "0.1,0.6",
  "hidden": 512,
  "cell_layers": 2,
  "keep_bias": 0.0,
  "tau": 30.0,
  "grad_factor": 1.0,
  "grad_clip": 1.0,
  "lr": 0.003,
  "lr_min": 0.0003,
  "entropy_reg": 0.0,
  "margin_reg": 0.0,
  "deep_sup": 0.0,
  "state_mushy_by_t": null,
  "batch_size": 128,
  "iters": 20000,
  "seed": 0,
  "device": "cuda",
  "logic_gates": 2048,
  "best_val": 0.5214,
  "test_acc": 0.499,
  "test_soft": 0.5119,
  "discretization_gap": 0.012900000000000023,
  "n_skipped": 0,
  "train_minutes": 26.114747854073844,
  "grad_profile": null,
  "gate_totals": [
    111,
    112,
    127,
    158,
    105,
    154,
    178,
    111,
    103,
    175,
    145,
    101,
    144,
    101,
    112,
    111
  ],
  "gate_distribution": {
    "cell.candidate.net.0": [
      16,
      27,
      24,
      50,
      29,
      39,
      50,
      26,
      20,
      52,
      37,
      25,
      45,
      20,
      29,
      23
    ],
    "cell.candidate.net.1": [
      28,
      28,
      19,
      40,
      28,
      40,
      51,
      25,
      21,
      46,
      36,
      26,
      38,
      24,
      29,
      33
    ],
    "cell.gate.net.0": [
      29,
      31,
      37,
      34,
      18,
      33,
      34,
      34,
      30,
      35,
      38,
      34,
      33,
      27,
      29,
      36
    ],
    "cell.gate.net.1": [
      38,
      26,
      47,
      34,
      30,
      42,
      43,
      26,
      32,
      42,
      34,
      16,
      28,
      30,
      25,
      19
    ]
  }
}