{
  "task": "parity",
  "mechanism": "clatch",
  "seq_len": 32,
  "test_seq_len": 32,
  "latch_kind": null,
  "hard_state": true,
  "hard_control": null,
  "anneal": "0.1,0.6",
  "hidden": 512,
  "cell_layers": 2,
  "keep_bias": 0.0,
  "tau": 30.0,
  "grad_factor": 1.0,
  "grad_clip": 1.0,
  "lr": 0.003,
  "lr_min": 0.0003,
  "entropy_reg": 0.0,
  "margin_reg": 0.0,
  "deep_sup": 0.3,
  "running_target": true,
  "state_mushy_by_t": null,
  "batch_size": 128,
  "iters": 20000,
  "seed": 2,
  "device": "cuda",
  "logic_gates": 2048,
  "best_val": 0.5108,
  "test_acc": 0.504,
  "test_soft": 0.4962,
  "discretization_gap": -0.007800000000000029,
  "n_skipped": 0,
  "train_minutes": 26.068740912278493,
  "grad_profile": null,
  "gate_totals": [
    115,
    132,
    118,
    167,
    96,
    153,
    181,
    85,
    110,
    184,
    143,
    97,
    169,
    90,
    112,
    96
  ],
  "gate_distribution": {
    "cell.candidate.net.0": [
      27,
      27,
      23,
      41,
      21,
      45,
      44,
      19,
      26,
      47,
      38,
      26,
      53,
      19,
      34,
      22
    ],
    "cell.candidate.net.1": [
      28,
      31,
      29,
      49,
      18,
      44,
      58,
      16,
      29,
      48,
      34,
      24,
      43,
      15,
      21,
      25
    ],
    "cell.gate.net.0": [
      34,
      39,
      35,
      31,
      30,
      37,
      29,
      34,
      23,
      37,
      32,
      26,
      39,
      26,
      29,
      31
    ],
    "cell.gate.net.1": [
      26,
      35,
      31,
      46,
      27,
      27,
      50,
      16,
      32,
      52,
      39,
      21,
      34,
      30,
      28,
      18
    ]
  }
}