{
  "task": "parity",
  "mechanism": "gated",
  "seq_len": 16,
  "test_seq_len": 16,
  "latch_kind": null,
  "hard_state": null,
  "hard_control": null,
  "anneal": null,
  "hidden": 512,
  "cell_layers": 2,
  "keep_bias": 0.0,
  "tau": 30.0,
  "grad_factor": 1.0,
  "grad_clip": 1.0,
  "lr": 0.003,
  "lr_min": 0.0003,
  "entropy_reg": 0.0,
  "margin_reg": 0.0,
  "deep_sup": 0.3,
  "running_target": true,
  "state_mushy_by_t": null,
  "batch_size": 128,
  "iters": 20000,
  "seed": 0,
  "device": "cuda",
  "logic_gates": 2048,
  "best_val": 0.5052,
  "test_acc": 0.5045,
  "test_soft": 0.4929,
  "discretization_gap": -0.011599999999999944,
  "n_skipped": 0,
  "train_minutes": 12.987589279810587,
  "grad_profile": null,
  "gate_totals": [
    107,
    111,
    112,
    157,
    108,
    157,
    178,
    111,
    108,
    182,
    141,
    94,
    147,
    107,
    119,
    109
  ],
  "gate_distribution": {
    "cell.candidate.net.0": [
      16,
      34,
      24,
      48,
      32,
      40,
      46,
      24,
      19,
      51,
      36,
      21,
      44,
      23,
      33,
      21
    ],
    "cell.candidate.net.1": [
      28,
      27,
      16,
      41,
      30,
      49,
      54,
      25,
      20,
      45,
      37,
      23,
      34,
      21,
      28,
      34
    ],
    "cell.gate.net.0": [
      34,
      34,
      38,
      35,
      22,
      28,
      31,
      37,
      43,
      26,
      40,
      31,
      33,
      26,
      29,
      25
    ],
    "cell.gate.net.1": [
      29,
      16,
      34,
      33,
      24,
      40,
      47,
      25,
      26,
      60,
      28,
      19,
      36,
      37,
      29,
      29
    ]
  }
}