{
  "task": "parity",
  "mechanism": "clatch",
  "seq_len": 128,
  "test_seq_len": 128,
  "latch_kind": null,
  "hard_state": true,
  "hard_control": null,
  "anneal": "0.1,0.6",
  "hidden": 512,
  "cell_layers": 2,
  "keep_bias": 0.0,
  "tau": 30.0,
  "grad_factor": 1.0,
  "grad_clip": 1.0,
  "lr": 0.003,
  "lr_min": 0.0003,
  "entropy_reg": 0.0,
  "margin_reg": 0.0,
  "deep_sup": 0.0,
  "state_mushy_by_t": null,
  "batch_size": 128,
  "iters": 20000,
  "seed": 0,
  "device": "cuda",
  "logic_gates": 2048,
  "best_val": 0.5084,
  "test_acc": 0.4974,
  "test_soft": 0.4975,
  "discretization_gap": 9.999999999998899e-05,
  "n_skipped": 0,
  "train_minutes": 87.64030249118805,
  "grad_profile": null,
  "gate_totals": [
    112,
    115,
    125,
    159,
    106,
    154,
    168,
    111,
    102,
    173,
    143,
    106,
    143,
    104,
    107,
    120
  ],
  "gate_distribution": {
    "cell.candidate.net.0": [
      17,
      27,
      22,
      50,
      30,
      38,
      48,
      26,
      19,
      59,
      34,
      24,
      48,
      20,
      26,
      24
    ],
    "cell.candidate.net.1": [
      28,
      29,
      19,
      46,
      27,
      44,
      48,
      25,
      18,
      45,
      37,
      25,
      37,
      22,
      27,
      35
    ],
    "cell.gate.net.0": [
      31,
      32,
      39,
      33,
      20,
      31,
      38,
      30,
      32,
      32,
      39,
      36,
      31,
      25,
      27,
      36
    ],
    "cell.gate.net.1": [
      36,
      27,
      45,
      30,
      29,
      41,
      34,
      30,
      33,
      37,
      33,
      21,
      27,
      37,
      27,
      25
    ]
  }
}