{
  "task": "parity",
  "mechanism": "rddlgn",
  "seq_len": 8,
  "hidden": 20,
  "cell_layers": 2,
  "tau": 30.0,
  "grad_factor": 1.0,
  "lr": 0.01,
  "batch_size": 16,
  "iters": 10,
  "seed": 0,
  "device": "cpu",
  "logic_gates": 40,
  "best_val": 0.5024,
  "test_acc": 0.4979,
  "train_minutes": 0.2093272924423218,
  "grad_profile": [
    1.7033159008684323e-13,
    5.76054958942307e-12,
    2.4937876763608813e-10,
    5.55885337760742e-09,
    1.9633563397292164e-07,
    1.4340505003929138e-05,
    0.0004590286407619715,
    0.018626008182764053
  ]
}