{
  "task": "psmnist",
  "mechanism": "clatch",
  "seq_len": 28,
  "test_seq_len": null,
  "latch_kind": null,
  "hard_state": true,
  "hard_control": null,
  "anneal": "0.1,0.6",
  "hidden": 1000,
  "cell_layers": 2,
  "keep_bias": 0.0,
  "tau": 30.0,
  "grad_factor": 1.0,
  "grad_clip": 1.0,
  "lr": 0.003,
  "lr_min": 0.0003,
  "entropy_reg": 0.0,
  "margin_reg": 0.0,
  "deep_sup": 0.0,
  "running_target": false,
  "state_mushy_by_t": null,
  "batch_size": 128,
  "iters": 20000,
  "seed": 4,
  "device": "cuda",
  "logic_gates": 4000,
  "best_val": 0.6425,
  "test_acc": 0.657,
  "test_soft": 0.6725,
  "discretization_gap": 0.015499999999999958,
  "n_skipped": 0,
  "train_minutes": 25.059254773457845,
  "grad_profile": null,
  "gate_totals": [
    399,
    186,
    211,
    460,
    226,
    447,
    60,
    179,
    195,
    55,
    434,
    182,
    375,
    175,
    161,
    255
  ],
  "gate_distribution": {
    "cell.candidate.net.0": [
      77,
      34,
      36,
      144,
      36,
      149,
      6,
      38,
      32,
      4,
      140,
      43,
      109,
      35,
      39,
      78
    ],
    "cell.candidate.net.1": [
      0,
      27,
      37,
      178,
      46,
      173,
      21,
      31,
      38,
      28,
      164,
      46,
      143,
      35,
      24,
      9
    ],
    "cell.gate.net.0": [
      129,
      45,
      58,
      76,
      56,
      62,
      13,
      58,
      49,
      8,
      72,
      42,
      76,
      44,
      48,
      164
    ],
    "cell.gate.net.1": [
      193,
      80,
      80,
      62,
      88,
      63,
      20,
      52,
      76,
      15,
      58,
      51,
      47,
      61,
      50,
      4
    ]
  }
}