{
  "task": "psmnist",
  "mechanism": "rddlgn",
  "seq_len": 28,
  "hidden": 1000,
  "cell_layers": 2,
  "keep_bias": 3.0,
  "tau": 30.0,
  "grad_factor": 1.0,
  "grad_clip": 1.0,
  "lr": 0.003,
  "lr_min": 0.0003,
  "entropy_reg": 0.0,
  "batch_size": 128,
  "iters": 20000,
  "seed": 0,
  "device": "cuda",
  "logic_gates": 2000,
  "best_val": 0.6136666666666667,
  "test_acc": 0.6195,
  "test_soft": 0.6525,
  "discretization_gap": 0.03299999999999992,
  "n_skipped": 0,
  "train_minutes": 14.617141199111938,
  "grad_profile": [
    3.3871299820020795e-05,
    2.9330109100556e-05,
    3.916637069778517e-05,
    4.268845805199817e-05,
    5.2342376875458285e-05,
    0.0001023106015054509,
    0.00012438587145879865,
    0.0001914061140269041,
    0.0006687301211059093,
    0.0007036110619083047,
    0.0008616895647719502,
    0.0014544366858899593,
    0.00255830236710608,
    0.003343394724652171,
    0.004214328248053789,
    0.004469266626983881,
    0.005800914950668812,
    0.008596706204116344,
    0.011882609687745571,
    0.01650106906890869,
    0.024302911013364792,
    0.029495256021618843,
    0.033208493143320084,
    0.0402657650411129,
    0.0392182357609272,
    0.034864164888858795,
    0.03002224862575531,
    0.025556815788149834
  ]
}