{
  "task": "psmnist",
  "mechanism": "gated",
  "seq_len": 56,
  "hidden": 1000,
  "cell_layers": 2,
  "keep_bias": 4.0,
  "tau": 30.0,
  "grad_factor": 1.0,
  "grad_clip": 1.0,
  "lr": 0.003,
  "lr_min": 0.0003,
  "entropy_reg": 0.0,
  "batch_size": 128,
  "iters": 20000,
  "seed": 0,
  "device": "cuda",
  "logic_gates": 4000,
  "best_val": 0.2976666666666667,
  "test_acc": 0.2987,
  "test_soft": 0.5142,
  "discretization_gap": 0.21549999999999997,
  "n_skipped": 0,
  "train_minutes": 42.99897196690242,
  "grad_profile": [
    5.493141174316406,
    5.175999641418457,
    4.9006428718566895,
    4.684782028198242,
    4.385389804840088,
    4.138733863830566,
    3.967979907989502,
    3.740638494491577,
    3.534703254699707,
    3.352174758911133,
    3.145253896713257,
    2.9695885181427,
    2.7853503227233887,
    2.6320672035217285,
    2.4088199138641357,
    2.2473795413970947,
    2.0938150882720947,
    1.956458568572998,
    1.807590365409851,
    1.663490891456604,
    1.5426249504089355,
    1.4299598932266235,
    1.323154091835022,
    1.2251135110855103,
    1.131595492362976,
    1.04494309425354,
    0.9633280038833618,
    0.8911357522010803,
    0.8179888129234314,
    0.756107747554779,
    0.6908654570579529,
    0.6371243596076965,
    0.5779401659965515,
    0.5290675163269043,
    0.48148438334465027,
    0.4400649666786194,
    0.3989907503128052,
    0.3577386736869812,
    0.3069707453250885,
    0.2722379267215729,
    0.23956972360610962,
    0.2099682092666626,
    0.18108458817005157,
    0.15458372235298157,
    0.13053731620311737,
    0.10921617597341537,
    0.08989296108484268,
    0.0732322409749031,
    0.05868539214134216,
    0.046654146164655685,
    0.03735808655619621,
    0.031104108318686485,
    0.027029430493712425,
    0.024956833571195602,
    0.024434709921479225,
    0.025136876851320267
  ]
}