{
  "task": "psmnist",
  "mechanism": "rddlgn",
  "seq_len": 49,
  "hidden": 1000,
  "cell_layers": 2,
  "keep_bias": 3.0,
  "tau": 30.0,
  "grad_factor": 1.0,
  "grad_clip": 1.0,
  "lr": 0.003,
  "lr_min": 0.0003,
  "entropy_reg": 0.0,
  "batch_size": 128,
  "iters": 20000,
  "seed": 0,
  "device": "cuda",
  "logic_gates": 2000,
  "best_val": 0.5893333333333334,
  "test_acc": 0.6062,
  "test_soft": 0.6441,
  "discretization_gap": 0.037900000000000045,
  "n_skipped": 0,
  "train_minutes": 20.765103085835776,
  "grad_profile": [
    2.62037454121976e-22,
    2.8037981564952447e-21,
    3.252230214901287e-21,
    2.270051788309734e-20,
    6.016554407836706e-20,
    1.0458461305988473e-19,
    1.6634746875048583e-18,
    2.3594514681713587e-17,
    2.7959174542880266e-17,
    2.849167040785005e-17,
    4.602251345556978e-16,
    1.1270194338593251e-14,
    1.1300934858315004e-14,
    2.355494780074876e-14,
    3.0800276202115964e-14,
    1.5057639651209348e-13,
    1.5023741799236046e-12,
    1.5360212017243025e-12,
    4.918997934671987e-12,
    2.240847438161886e-11,
    1.268439936419341e-10,
    2.0964652236443726e-10,
    2.820093325528461e-10,
    3.843364793088e-10,
    8.402955553599156e-10,
    1.2723727627061976e-09,
    6.791020723539987e-07,
    5.428793201645021e-07,
    4.947884463035734e-06,
    9.340868928120472e-06,
    0.00022766496113035828,
    0.00029140617698431015,
    0.00035408008261583745,
    0.0009464867180213332,
    0.0012995240977033973,
    0.0025455360300838947,
    0.004047733265906572,
    0.007081357296556234,
    0.008805434219539165,
    0.011749731376767159,
    0.018907830119132996,
    0.033008042722940445,
    0.03687803074717522,
    0.0447930209338665,
    0.04096217453479767,
    0.03747771307826042,
    0.03308367729187012,
    0.029265979304909706,
    0.025098228827118874
  ]
}