{
  "task": "psmnist",
  "mechanism": "clatch",
  "seq_len": 28,
  "test_seq_len": null,
  "latch_kind": null,
  "hard_state": true,
  "hard_control": null,
  "anneal": "0.1,0.6",
  "hidden": 1000,
  "cell_layers": 2,
  "keep_bias": 0.0,
  "tau": 30.0,
  "grad_factor": 1.0,
  "grad_clip": 1.0,
  "lr": 0.003,
  "lr_min": 0.0003,
  "entropy_reg": 0.0,
  "margin_reg": 0.0,
  "deep_sup": 0.0,
  "running_target": false,
  "state_mushy_by_t": null,
  "batch_size": 128,
  "iters": 20000,
  "seed": 2,
  "device": "cuda",
  "logic_gates": 4000,
  "best_val": 0.5805,
  "test_acc": 0.5978,
  "test_soft": 0.6251,
  "discretization_gap": 0.02729999999999999,
  "n_skipped": 0,
  "train_minutes": 26.11833072900772,
  "grad_profile": null,
  "gate_totals": [
    392,
    205,
    220,
    443,
    201,
    436,
    53,
    183,
    236,
    63,
    411,
    156,
    434,
    177,
    167,
    223
  ],
  "gate_distribution": {
    "cell.candidate.net.0": [
      67,
      28,
      29,
      140,
      35,
      150,
      8,
      43,
      46,
      7,
      146,
      36,
      132,
      32,
      31,
      70
    ],
    "cell.candidate.net.1": [
      1,
      42,
      50,
      169,
      41,
      163,
      20,
      30,
      46,
      30,
      149,
      23,
      169,
      33,
      28,
      6
    ],
    "cell.gate.net.0": [
      145,
      52,
      49,
      69,
      59,
      68,
      10,
      58,
      64,
      10,
      54,
      46,
      71,
      62,
      47,
      136
    ],
    "cell.gate.net.1": [
      179,
      83,
      92,
      65,
      66,
      55,
      15,
      52,
      80,
      16,
      62,
      51,
      62,
      50,
      61,
      11
    ]
  }
}