{
  "task": "psmnist",
  "mechanism": "clatch",
  "seq_len": 28,
  "test_seq_len": null,
  "latch_kind": null,
  "hard_state": true,
  "hard_control": null,
  "anneal": "0.1,0.6",
  "hidden": 1000,
  "cell_layers": 2,
  "keep_bias": 0.0,
  "tau": 30.0,
  "grad_factor": 1.0,
  "grad_clip": 1.0,
  "lr": 0.003,
  "lr_min": 0.0003,
  "entropy_reg": 0.0,
  "margin_reg": 0.0,
  "deep_sup": 0.0,
  "running_target": false,
  "state_mushy_by_t": null,
  "batch_size": 128,
  "iters": 20000,
  "seed": 1,
  "device": "cuda",
  "logic_gates": 4000,
  "best_val": 0.6398333333333334,
  "test_acc": 0.6475,
  "test_soft": 0.6562,
  "discretization_gap": 0.008700000000000041,
  "n_skipped": 0,
  "train_minutes": 24.66300625403722,
  "grad_profile": null,
  "gate_totals": [
    371,
    188,
    220,
    436,
    213,
    430,
    50,
    181,
    194,
    67,
    422,
    189,
    453,
    183,
    164,
    239
  ],
  "gate_distribution": {
    "cell.candidate.net.0": [
      69,
      33,
      35,
      151,
      38,
      153,
      6,
      44,
      32,
      5,
      130,
      42,
      121,
      38,
      29,
      74
    ],
    "cell.candidate.net.1": [
      3,
      27,
      36,
      170,
      45,
      168,
      22,
      27,
      38,
      31,
      145,
      33,
      175,
      34,
      36,
      10
    ],
    "cell.gate.net.0": [
      128,
      52,
      58,
      70,
      46,
      58,
      12,
      53,
      44,
      7,
      92,
      48,
      87,
      60,
      40,
      145
    ],
    "cell.gate.net.1": [
      171,
      76,
      91,
      45,
      84,
      51,
      10,
      57,
      80,
      24,
      55,
      66,
      70,
      51,
      59,
      10
    ]
  }
}