{
  "task": "psmnist",
  "mechanism": "combo",
  "seq_len": 28,
  "test_seq_len": null,
  "latch_kind": null,
  "hard_state": true,
  "hard_control": null,
  "anneal": "0.1,0.6",
  "hidden": 1000,
  "cell_layers": 2,
  "keep_bias": 0.0,
  "tau": 30.0,
  "grad_factor": 1.0,
  "grad_clip": 1.0,
  "lr": 0.003,
  "lr_min": 0.0003,
  "entropy_reg": 0.0,
  "margin_reg": 0.0,
  "deep_sup": 0.0,
  "running_target": false,
  "state_mushy_by_t": null,
  "batch_size": 128,
  "iters": 20000,
  "seed": 4,
  "device": "cuda",
  "logic_gates": 4000,
  "best_val": 0.6148333333333333,
  "test_acc": 0.6274,
  "test_soft": 0.6279,
  "discretization_gap": 0.000500000000000056,
  "n_skipped": 0,
  "train_minutes": 24.71338463226954,
  "grad_profile": null,
  "gate_totals": [
    363,
    187,
    218,
    453,
    215,
    439,
    56,
    190,
    197,
    54,
    429,
    204,
    397,
    174,
    166,
    258
  ],
  "gate_distribution": {
    "cell.candidate.net.0": [
      61,
      32,
      55,
      141,
      41,
      149,
      4,
      41,
      31,
      6,
      142,
      42,
      119,
      42,
      34,
      60
    ],
    "cell.candidate.net.1": [
      1,
      31,
      35,
      186,
      42,
      170,
      24,
      26,
      34,
      27,
      164,
      45,
      150,
      33,
      24,
      8
    ],
    "cell.gate.net.0": [
      130,
      41,
      56,
      69,
      54,
      65,
      13,
      59,
      51,
      2,
      68,
      56,
      66,
      43,
      51,
      176
    ],
    "cell.gate.net.1": [
      171,
      83,
      72,
      57,
      78,
      55,
      15,
      64,
      81,
      19,
      55,
      61,
      62,
      56,
      57,
      14
    ]
  }
}