{
  "task": "psmnist",
  "mechanism": "gated",
  "seq_len": 28,
  "test_seq_len": null,
  "latch_kind": null,
  "hard_state": null,
  "hard_control": null,
  "anneal": null,
  "hidden": 1000,
  "cell_layers": 2,
  "keep_bias": 0.0,
  "tau": 30.0,
  "grad_factor": 1.0,
  "grad_clip": 1.0,
  "lr": 0.003,
  "lr_min": 0.0003,
  "entropy_reg": 0.0,
  "margin_reg": 0.0,
  "deep_sup": 0.0,
  "running_target": false,
  "state_mushy_by_t": null,
  "batch_size": 128,
  "iters": 20000,
  "seed": 1,
  "device": "cuda",
  "logic_gates": 4000,
  "best_val": 0.6496666666666666,
  "test_acc": 0.6542,
  "test_soft": 0.6926,
  "discretization_gap": 0.03839999999999999,
  "n_skipped": 0,
  "train_minutes": 25.518050869305927,
  "grad_profile": null,
  "gate_totals": [
    377,
    203,
    218,
    433,
    212,
    430,
    45,
    177,
    208,
    55,
    423,
    191,
    439,
    175,
    168,
    246
  ],
  "gate_distribution": {
    "cell.candidate.net.0": [
      70,
      33,
      36,
      147,
      39,
      150,
      4,
      49,
      35,
      5,
      130,
      42,
      124,
      35,
      26,
      75
    ],
    "cell.candidate.net.1": [
      1,
      34,
      37,
      165,
      49,
      168,
      21,
      23,
      42,
      30,
      144,
      33,
      172,
      34,
      36,
      11
    ],
    "cell.gate.net.0": [
      130,
      52,
      51,
      78,
      37,
      60,
      14,
      49,
      49,
      4,
      91,
      55,
      82,
      59,
      49,
      140
    ],
    "cell.gate.net.1": [
      176,
      84,
      94,
      43,
      87,
      52,
      6,
      56,
      82,
      16,
      58,
      61,
      61,
      47,
      57,
      20
    ]
  }
}