{
  "task": "psmnist",
  "mechanism": "rddlgn",
  "seq_len": 98,
  "hidden": 1000,
  "cell_layers": 2,
  "keep_bias": 3.0,
  "tau": 30.0,
  "grad_factor": 1.0,
  "grad_clip": 1.0,
  "lr": 0.003,
  "lr_min": 0.0003,
  "entropy_reg": 0.0,
  "batch_size": 128,
  "iters": 20000,
  "seed": 0,
  "device": "cuda",
  "logic_gates": 2000,
  "best_val": 0.5171666666666667,
  "test_acc": 0.5209,
  "test_soft": 0.5668,
  "discretization_gap": 0.04589999999999994,
  "n_skipped": 0,
  "train_minutes": 35.68212551673253,
  "grad_profile": [
    1.1527252752330241e-07,
    7.958259118368005e-08,
    1.2813899274988216e-07,
    1.2673507399085793e-07,
    1.567589009709991e-07,
    3.432770085964876e-07,
    9.966438483388629e-07,
    1.0210738992100232e-06,
    1.123465381169808e-06,
    1.2116320249333512e-06,
    1.1165851674377336e-06,
    1.3976346053823363e-06,
    1.3508139318219037e-06,
    1.3494169479599805e-06,
    1.6233007045229897e-06,
    1.4978943454480032e-06,
    1.4031994624019717e-06,
    1.4349230923471623e-06,
    1.2574183756441926e-06,
    1.4704666000397992e-06,
    1.4168640518619213e-06,
    1.3935724609837052e-06,
    1.7017042637235136e-06,
    1.5633509065082762e-06,
    1.4429082284550532e-06,
    1.4830148984401603e-06,
    1.3080882581562037e-06,
    1.5110799722606316e-06,
    1.442734287593339e-06,
    1.42234591749002e-06,
    1.7370689420204144e-06,
    1.5973828340065666e-06,
    1.4372241139426478e-06,
    1.4808123296461417e-06,
    5.405444881034782e-06,
    5.460582087835064e-06,
    5.986833912174916e-06,
    7.012153673713328e-06,
    6.221806870598812e-06,
    7.660361916350666e-06,
    7.314751201192848e-06,
    7.007965450611664e-06,
    8.556782631785609e-06,
    7.838046258257236e-06,
    7.472041943401564e-06,
    7.787391041347291e-06,
    6.597462743229698e-06,
    7.910580279713031e-06,
    7.5662287599698175e-06,
    7.239773822220741e-06,
    4.490945138968527e-05,
    4.4804535718867555e-05,
    6.50443762424402e-05,
    7.058186020003632e-05,
    5.732713907491416e-05,
    7.531690789619461e-05,
    7.36589208827354e-05,
    6.264323019422591e-05,
    7.977235509315506e-05,
    7.393096893792972e-05,
    7.692725193919614e-05,
    7.853119313949719e-05,
    6.458724965341389e-05,
    7.921200449345633e-05,
    7.867592648835853e-05,
    7.80613481765613e-05,
    9.073937690118328e-05,
    0.0002927382302004844,
    0.0003478908911347389,
    0.00040350991184823215,
    0.0005505506414920092,
    0.0006895147962495685,
    0.0007921385113149881,
    0.0008858629153110087,
    0.0007509380229748785,
    0.0007271161302924156,
    0.000739067851100117,
    0.0007985676056705415,
    0.0009595326264388859,
    0.0011310323607176542,
    0.001459101913496852,
    0.003357016947120428,
    0.006119003519415855,
    0.006810720078647137,
    0.010425404645502567,
    0.01911838911473751,
    0.03332667797803879,
    0.0431649386882782,
    0.05772104859352112,
    0.06503073871135712,
    0.06154240295290947,
    0.06198953464627266,
    0.062191709876060486,
    0.051821935921907425,
    0.04266441985964775,
    0.03584625571966171,
    0.030391711741685867,
    0.025845501571893692
  ]
}