{
  "task": "psmnist",
  "mechanism": "rddlgn",
  "seq_len": 28,
  "test_seq_len": null,
  "latch_kind": null,
  "hard_state": null,
  "hard_control": null,
  "anneal": null,
  "hidden": 1000,
  "cell_layers": 2,
  "keep_bias": 3.0,
  "tau": 30.0,
  "grad_factor": 1.0,
  "grad_clip": 1.0,
  "lr": 0.003,
  "lr_min": 0.0003,
  "entropy_reg": 0.0,
  "margin_reg": 0.0,
  "deep_sup": 0.0,
  "running_target": false,
  "state_mushy_by_t": null,
  "batch_size": 128,
  "iters": 20000,
  "seed": 1,
  "device": "cuda",
  "logic_gates": 2000,
  "best_val": 0.6073333333333333,
  "test_acc": 0.6252,
  "test_soft": 0.6606,
  "discretization_gap": 0.03539999999999999,
  "n_skipped": 0,
  "train_minutes": 14.251170762379964,
  "grad_profile": null,
  "gate_totals": [
    70,
    90,
    88,
    303,
    102,
    271,
    59,
    68,
    79,
    57,
    271,
    63,
    276,
    66,
    66,
    71
  ],
  "gate_distribution": {
    "cell.update.net.0": [
      65,
      37,
      36,
      143,
      47,
      137,
      11,
      45,
      39,
      11,
      132,
      33,
      124,
      37,
      32,
      71
    ],
    "cell.update.net.1": [
      5,
      53,
      52,
      160,
      55,
      134,
      48,
      23,
      40,
      46,
      139,
      30,
      152,
      29,
      34,
      0
    ]
  }
}