{
  "task": "psmnist",
  "mechanism": "gated",
  "seq_len": 28,
  "test_seq_len": null,
  "latch_kind": null,
  "hard_state": null,
  "hard_control": null,
  "anneal": null,
  "hidden": 1000,
  "cell_layers": 2,
  "keep_bias": 0.0,
  "tau": 30.0,
  "grad_factor": 1.0,
  "grad_clip": 1.0,
  "lr": 0.003,
  "lr_min": 0.0003,
  "entropy_reg": 0.0,
  "margin_reg": 0.0,
  "deep_sup": 0.0,
  "running_target": false,
  "state_mushy_by_t": null,
  "batch_size": 128,
  "iters": 20000,
  "seed": 4,
  "device": "cuda",
  "logic_gates": 4000,
  "best_val": 0.6058333333333333,
  "test_acc": 0.6205,
  "test_soft": 0.7054,
  "discretization_gap": 0.08489999999999998,
  "n_skipped": 0,
  "train_minutes": 24.380423108736675,
  "grad_profile": null,
  "gate_totals": [
    406,
    181,
    206,
    456,
    235,
    435,
    53,
    193,
    198,
    52,
    419,
    185,
    381,
    177,
    159,
    264
  ],
  "gate_distribution": {
    "cell.candidate.net.0": [
      77,
      33,
      39,
      144,
      37,
      143,
      4,
      47,
      33,
      3,
      135,
      45,
      115,
      37,
      34,
      74
    ],
    "cell.candidate.net.1": [
      1,
      26,
      36,
      177,
      43,
      177,
      21,
      33,
      36,
      27,
      158,
      46,
      147,
      33,
      27,
      12
    ],
    "cell.gate.net.0": [
      141,
      41,
      52,
      73,
      67,
      58,
      10,
      63,
      48,
      7,
      69,
      41,
      68,
      47,
      48,
      167
    ],
    "cell.gate.net.1": [
      187,
      81,
      79,
      62,
      88,
      57,
      18,
      50,
      81,
      15,
      57,
      53,
      51,
      60,
      50,
      11
    ]
  }
}