{
  "task": "psmnist",
  "mechanism": "gated",
  "seq_len": 28,
  "test_seq_len": null,
  "latch_kind": null,
  "hard_state": null,
  "hard_control": null,
  "anneal": null,
  "hidden": 1000,
  "cell_layers": 2,
  "keep_bias": 0.0,
  "tau": 30.0,
  "grad_factor": 1.0,
  "grad_clip": 1.0,
  "lr": 0.003,
  "lr_min": 0.0003,
  "entropy_reg": 0.0,
  "margin_reg": 0.0,
  "deep_sup": 0.0,
  "running_target": false,
  "state_mushy_by_t": null,
  "batch_size": 128,
  "iters": 20000,
  "seed": 2,
  "device": "cuda",
  "logic_gates": 4000,
  "best_val": 0.5108333333333334,
  "test_acc": 0.5191,
  "test_soft": 0.665,
  "discretization_gap": 0.14590000000000003,
  "n_skipped": 0,
  "train_minutes": 26.703220756848655,
  "grad_profile": null,
  "gate_totals": [
    409,
    201,
    203,
    452,
    197,
    445,
    58,
    159,
    220,
    60,
    419,
    165,
    433,
    163,
    157,
    259
  ],
  "gate_distribution": {
    "cell.candidate.net.0": [
      67,
      31,
      32,
      145,
      29,
      162,
      5,
      34,
      42,
      7,
      149,
      35,
      137,
      27,
      27,
      71
    ],
    "cell.candidate.net.1": [
      2,
      41,
      45,
      179,
      38,
      166,
      23,
      26,
      44,
      32,
      152,
      23,
      167,
      27,
      28,
      7
    ],
    "cell.gate.net.0": [
      156,
      46,
      43,
      65,
      64,
      65,
      15,
      46,
      65,
      9,
      48,
      47,
      63,
      61,
      46,
      161
    ],
    "cell.gate.net.1": [
      184,
      83,
      83,
      63,
      66,
      52,
      15,
      53,
      69,
      12,
      70,
      60,
      66,
      48,
      56,
      20
    ]
  }
}