{
  "task": "psmnist",
  "mechanism": "combo",
  "seq_len": 28,
  "test_seq_len": null,
  "latch_kind": null,
  "hard_state": true,
  "hard_control": null,
  "anneal": "0.1,0.6",
  "hidden": 1000,
  "cell_layers": 2,
  "keep_bias": 0.0,
  "tau": 30.0,
  "grad_factor": 1.0,
  "grad_clip": 1.0,
  "lr": 0.003,
  "lr_min": 0.0003,
  "entropy_reg": 0.0,
  "margin_reg": 0.0,
  "deep_sup": 0.0,
  "running_target": false,
  "state_mushy_by_t": null,
  "batch_size": 128,
  "iters": 20000,
  "seed": 3,
  "device": "cuda",
  "logic_gates": 4000,
  "best_val": 0.6678333333333333,
  "test_acc": 0.6661,
  "test_soft": 0.6594,
  "discretization_gap": -0.006700000000000039,
  "n_skipped": 0,
  "train_minutes": 24.653217800458272,
  "grad_profile": null,
  "gate_totals": [
    381,
    224,
    217,
    438,
    195,
    383,
    63,
    190,
    203,
    56,
    383,
    202,
    453,
    187,
    196,
    229
  ],
  "gate_distribution": {
    "cell.candidate.net.0": [
      82,
      33,
      27,
      141,
      33,
      121,
      4,
      53,
      42,
      8,
      111,
      41,
      154,
      43,
      35,
      72
    ],
    "cell.candidate.net.1": [
      1,
      51,
      38,
      146,
      40,
      143,
      32,
      28,
      35,
      25,
      138,
      39,
      189,
      35,
      45,
      15
    ],
    "cell.gate.net.0": [
      123,
      58,
      64,
      86,
      60,
      65,
      8,
      53,
      53,
      10,
      70,
      64,
      60,
      43,
      47,
      136
    ],
    "cell.gate.net.1": [
      175,
      82,
      88,
      65,
      62,
      54,
      19,
      56,
      73,
      13,
      64,
      58,
      50,
      66,
      69,
      6
    ]
  }
}