{
  "task": "psmnist",
  "mechanism": "gated",
  "seq_len": 28,
  "test_seq_len": null,
  "latch_kind": null,
  "hard_state": null,
  "hard_control": null,
  "anneal": null,
  "hidden": 1000,
  "cell_layers": 2,
  "keep_bias": 4.0,
  "tau": 30.0,
  "grad_factor": 1.0,
  "grad_clip": 1.0,
  "lr": 0.003,
  "lr_min": 0.0003,
  "entropy_reg": 0.0,
  "margin_reg": 0.0,
  "deep_sup": 0.0,
  "running_target": false,
  "state_mushy_by_t": null,
  "batch_size": 128,
  "iters": 20000,
  "seed": 1,
  "device": "cuda",
  "logic_gates": 4000,
  "best_val": 0.5126666666666667,
  "test_acc": 0.5232,
  "test_soft": 0.6832,
  "discretization_gap": 0.16000000000000003,
  "n_skipped": 0,
  "train_minutes": 26.830414803822837,
  "grad_profile": null,
  "gate_totals": [
    233,
    124,
    161,
    439,
    158,
    475,
    46,
    227,
    199,
    58,
    433,
    194,
    469,
    225,
    196,
    363
  ],
  "gate_distribution": {
    "cell.candidate.net.0": [
      73,
      25,
      30,
      131,
      29,
      153,
      5,
      48,
      43,
      3,
      143,
      28,
      149,
      34,
      25,
      81
    ],
    "cell.candidate.net.1": [
      1,
      37,
      33,
      172,
      26,
      170,
      21,
      31,
      29,
      29,
      154,
      30,
      175,
      39,
      41,
      12
    ],
    "cell.gate.net.0": [
      103,
      32,
      53,
      88,
      53,
      94,
      9,
      71,
      85,
      10,
      75,
      42,
      82,
      48,
      34,
      121
    ],
    "cell.gate.net.1": [
      56,
      30,
      45,
      48,
      50,
      58,
      11,
      77,
      42,
      16,
      61,
      94,
      63,
      104,
      96,
      149
    ]
  }
}