{
  "task": "psmnist",
  "mechanism": "combo",
  "seq_len": 28,
  "test_seq_len": null,
  "latch_kind": null,
  "hard_state": true,
  "hard_control": null,
  "anneal": "0.1,0.6",
  "hidden": 1000,
  "cell_layers": 2,
  "keep_bias": 0.0,
  "tau": 30.0,
  "grad_factor": 1.0,
  "grad_clip": 1.0,
  "lr": 0.003,
  "lr_min": 0.0003,
  "entropy_reg": 0.0,
  "margin_reg": 0.0,
  "deep_sup": 0.0,
  "running_target": false,
  "state_mushy_by_t": null,
  "batch_size": 128,
  "iters": 20000,
  "seed": 1,
  "device": "cuda",
  "logic_gates": 4000,
  "best_val": 0.6563333333333333,
  "test_acc": 0.6594,
  "test_soft": 0.6451,
  "discretization_gap": -0.01429999999999998,
  "n_skipped": 0,
  "train_minutes": 24.882476083437602,
  "grad_profile": null,
  "gate_totals": [
    354,
    200,
    226,
    455,
    216,
    419,
    51,
    166,
    206,
    76,
    403,
    188,
    431,
    183,
    175,
    251
  ],
  "gate_distribution": {
    "cell.candidate.net.0": [
      63,
      41,
      40,
      167,
      37,
      145,
      9,
      39,
      35,
      5,
      117,
      39,
      134,
      29,
      25,
      75
    ],
    "cell.candidate.net.1": [
      2,
      32,
      38,
      170,
      43,
      168,
      19,
      27,
      44,
      30,
      144,
      32,
      168,
      38,
      36,
      9
    ],
    "cell.gate.net.0": [
      135,
      53,
      60,
      66,
      45,
      56,
      10,
      46,
      52,
      14,
      90,
      46,
      66,
      59,
      50,
      152
    ],
    "cell.gate.net.1": [
      154,
      74,
      88,
      52,
      91,
      50,
      13,
      54,
      75,
      27,
      52,
      71,
      63,
      57,
      64,
      15
    ]
  }
}