{
  "task": "psmnist",
  "mechanism": "gated",
  "seq_len": 28,
  "test_seq_len": null,
  "latch_kind": null,
  "hard_state": null,
  "hard_control": null,
  "anneal": null,
  "hidden": 1000,
  "cell_layers": 2,
  "keep_bias": 0.0,
  "tau": 30.0,
  "grad_factor": 1.0,
  "grad_clip": 1.0,
  "lr": 0.003,
  "lr_min": 0.0003,
  "entropy_reg": 0.0,
  "margin_reg": 0.0,
  "deep_sup": 0.2,
  "running_target": false,
  "state_mushy_by_t": null,
  "batch_size": 128,
  "iters": 20000,
  "seed": 0,
  "device": "cuda",
  "logic_gates": 4000,
  "best_val": 0.5576666666666666,
  "test_acc": 0.5756,
  "test_soft": 0.6315,
  "discretization_gap": 0.05589999999999995,
  "n_skipped": 0,
  "train_minutes": 26.513721601168314,
  "grad_profile": null,
  "gate_totals": [
    356,
    188,
    229,
    434,
    217,
    422,
    68,
    183,
    231,
    67,
    434,
    160,
    423,
    169,
    170,
    249
  ],
  "gate_distribution": {
    "cell.candidate.net.0": [
      78,
      29,
      29,
      136,
      36,
      128,
      6,
      39,
      35,
      4,
      152,
      35,
      160,
      34,
      31,
      68
    ],
    "cell.candidate.net.1": [
      3,
      40,
      41,
      170,
      55,
      152,
      29,
      27,
      42,
      37,
      145,
      35,
      153,
      27,
      31,
      13
    ],
    "cell.gate.net.0": [
      138,
      44,
      61,
      58,
      40,
      70,
      22,
      78,
      74,
      12,
      62,
      44,
      47,
      51,
      47,
      152
    ],
    "cell.gate.net.1": [
      137,
      75,
      98,
      70,
      86,
      72,
      11,
      39,
      80,
      14,
      75,
      46,
      63,
      57,
      61,
      16
    ]
  }
}