{
  "task": "psmnist",
  "mechanism": "combo",
  "seq_len": 28,
  "test_seq_len": null,
  "latch_kind": null,
  "hard_state": true,
  "hard_control": null,
  "anneal": "0.1,0.6",
  "hidden": 1000,
  "cell_layers": 2,
  "keep_bias": 0.0,
  "tau": 30.0,
  "grad_factor": 1.0,
  "grad_clip": 1.0,
  "lr": 0.003,
  "lr_min": 0.0003,
  "entropy_reg": 0.0,
  "margin_reg": 0.0,
  "deep_sup": 0.0,
  "running_target": false,
  "state_mushy_by_t": null,
  "batch_size": 128,
  "iters": 20000,
  "seed": 0,
  "device": "cuda",
  "logic_gates": 4000,
  "best_val": 0.608,
  "test_acc": 0.6064,
  "test_soft": 0.6274,
  "discretization_gap": 0.020999999999999908,
  "n_skipped": 0,
  "train_minutes": 24.80715671380361,
  "grad_profile": null,
  "gate_totals": [
    397,
    198,
    187,
    405,
    213,
    396,
    65,
    178,
    231,
    68,
    431,
    187,
    426,
    203,
    179,
    236
  ],
  "gate_distribution": {
    "cell.candidate.net.0": [
      72,
      30,
      38,
      139,
      33,
      121,
      8,
      39,
      41,
      9,
      143,
      38,
      153,
      33,
      33,
      70
    ],
    "cell.candidate.net.1": [
      4,
      37,
      36,
      166,
      48,
      156,
      27,
      34,
      46,
      28,
      158,
      29,
      144,
      44,
      31,
      12
    ],
    "cell.gate.net.0": [
      155,
      44,
      42,
      58,
      56,
      65,
      8,
      50,
      56,
      18,
      77,
      52,
      67,
      51,
      57,
      144
    ],
    "cell.gate.net.1": [
      166,
      87,
      71,
      42,
      76,
      54,
      22,
      55,
      88,
      13,
      53,
      68,
      62,
      75,
      58,
      10
    ]
  }
}