{
  "task": "psmnist",
  "mechanism": "clatch",
  "seq_len": 28,
  "test_seq_len": null,
  "latch_kind": null,
  "hard_state": true,
  "hard_control": null,
  "anneal": "0.1,0.6",
  "hidden": 1000,
  "cell_layers": 2,
  "keep_bias": 0.0,
  "tau": 30.0,
  "grad_factor": 1.0,
  "grad_clip": 1.0,
  "lr": 0.003,
  "lr_min": 0.0003,
  "entropy_reg": 0.0,
  "margin_reg": 0.0,
  "deep_sup": 0.0,
  "running_target": false,
  "state_mushy_by_t": null,
  "batch_size": 128,
  "iters": 20000,
  "seed": 3,
  "device": "cuda",
  "logic_gates": 4000,
  "best_val": 0.6551666666666667,
  "test_acc": 0.6561,
  "test_soft": 0.6824,
  "discretization_gap": 0.02629999999999999,
  "n_skipped": 0,
  "train_minutes": 25.347361759344736,
  "grad_profile": null,
  "gate_totals": [
    433,
    227,
    206,
    442,
    182,
    389,
    59,
    170,
    218,
    60,
    385,
    174,
    458,
    177,
    185,
    235
  ],
  "gate_distribution": {
    "cell.candidate.net.0": [
      84,
      39,
      37,
      139,
      22,
      125,
      5,
      35,
      34,
      7,
      120,
      37,
      160,
      38,
      32,
      86
    ],
    "cell.candidate.net.1": [
      1,
      39,
      43,
      162,
      45,
      135,
      29,
      31,
      43,
      31,
      132,
      32,
      190,
      35,
      43,
      9
    ],
    "cell.gate.net.0": [
      161,
      51,
      48,
      87,
      51,
      67,
      9,
      63,
      52,
      11,
      67,
      49,
      61,
      43,
      47,
      133
    ],
    "cell.gate.net.1": [
      187,
      98,
      78,
      54,
      64,
      62,
      16,
      41,
      89,
      11,
      66,
      56,
      47,
      61,
      63,
      7
    ]
  }
}