{
  "task": "psmnist",
  "mechanism": "gated",
  "seq_len": 112,
  "hidden": 1000,
  "cell_layers": 2,
  "keep_bias": 4.0,
  "tau": 30.0,
  "grad_factor": 1.0,
  "grad_clip": 1.0,
  "lr": 0.003,
  "lr_min": 0.0003,
  "entropy_reg": 0.0,
  "batch_size": 128,
  "iters": 20000,
  "seed": 0,
  "device": "cuda",
  "logic_gates": 4000,
  "best_val": 0.31766666666666665,
  "test_acc": 0.3193,
  "test_soft": 0.4972,
  "discretization_gap": 0.1779,
  "n_skipped": 0,
  "train_minutes": 78.61292641957601,
  "grad_profile": [
    0.07940083742141724,
    0.07433512806892395,
    0.07341346889734268,
    0.0703502967953682,
    0.07046466320753098,
    0.06667913496494293,
    0.06916972249746323,
    0.07006319612264633,
    0.0652325451374054,
    0.06407506763935089,
    0.06362275779247284,
    0.06153201684355736,
    0.06087121739983559,
    0.061289239674806595,
    0.060699425637722015,
    0.059975117444992065,
    0.06460870057344437,
    0.06470979750156403,
    0.0602734237909317,
    0.06079087033867836,
    0.06119723245501518,
    0.05595160275697708,
    0.057172052562236786,
    0.056093521416187286,
    0.054530419409275055,
    0.057536933571100235,
    0.057961639016866684,
    0.058204978704452515,
    0.057163890451192856,
    0.05435679852962494,
    0.053722083568573,
    0.05436401814222336,
    0.053370144218206406,
    0.05304336920380592,
    0.05218794196844101,
    0.05279308557510376,
    0.06646475195884705,
    0.06392515450716019,
    0.06239086017012596,
    0.060832686722278595,
    0.08199802041053772,
    0.0897715613245964,
    0.08862686902284622,
    0.0901741236448288,
    0.08470194786787033,
    0.07113876938819885,
    0.07074015587568283,
    0.062082767486572266,
    0.058934979140758514,
    0.05564665049314499,
    0.06710776686668396,
    0.06387071311473846,
    0.06600196659564972,
    0.06985920667648315,
    0.06407524645328522,
    0.061992790549993515,
    0.05972425267100334,
    0.05345094949007034,
    0.05197121202945709,
    0.05180256813764572,
    0.050630778074264526,
    0.05003679171204567,
    0.04812652990221977,
    0.048975247889757156,
    0.04846540838479996,
    0.048360809683799744,
    0.055584292858839035,
    0.05479307845234871,
    0.057522643357515335,
    0.054150041192770004,
    0.05990396812558174,
    0.07673271745443344,
    0.07356319576501846,
    0.07278331369161606,
    0.06671293079853058,
    0.0691419467329979,
    0.07059165835380554,
    0.06754392385482788,
    0.06550152599811554,
    0.06091631203889847,
    0.05729251727461815,
    0.06332330405712128,
    0.06386181712150574,
    0.06686487048864365,
    0.06466726958751678,
    0.0627136155962944,
    0.06657162308692932,
    0.061419691890478134,
    0.06002155691385269,
    0.059103257954120636,
    0.05420311912894249,
    0.05558658763766289,
    0.06170550733804703,
    0.06460658460855484,
    0.06009509041905403,
    0.06658675521612167,
    0.06400828808546066,
    0.06681089103221893,
    0.06582067161798477,
    0.06462651491165161,
    0.06808223575353622,
    0.06014561280608177,
    0.059554293751716614,
    0.06279594451189041,
    0.05205999314785004,
    0.04675896838307381,
    0.040825244039297104,
    0.03513743355870247,
    0.03110770508646965,
    0.02840685285627842,
    0.02616831660270691,
    0.025858599692583084
  ]
}