{
  "task": "psmnist",
  "mechanism": "gated",
  "seq_len": 28,
  "hidden": 1000,
  "cell_layers": 2,
  "keep_bias": 2.0,
  "tau": 30.0,
  "grad_factor": 1.0,
  "grad_clip": 1.0,
  "lr": 0.003,
  "lr_min": 0.0003,
  "entropy_reg": 0.0,
  "batch_size": 128,
  "iters": 20000,
  "seed": 0,
  "device": "cuda",
  "logic_gates": 4000,
  "best_val": 0.5415,
  "test_acc": 0.5412,
  "test_soft": 0.6676,
  "discretization_gap": 0.12639999999999996,
  "n_skipped": 0,
  "train_minutes": 26.759980781873068,
  "grad_profile": [
    1.0573896169662476,
    0.669054388999939,
    0.6554720997810364,
    0.6513457298278809,
    0.6103852391242981,
    0.47315409779548645,
    0.32365429401397705,
    0.2187528908252716,
    0.15273720026016235,
    0.11819066107273102,
    0.09316174685955048,
    0.07850208878517151,
    0.06791805475950241,
    0.061284635215997696,
    0.055683303624391556,
    0.052696287631988525,
    0.04863697662949562,
    0.04537619277834892,
    0.04215536266565323,
    0.03931208699941635,
    0.03675003722310066,
    0.03434610366821289,
    0.03171893209218979,
    0.029607083648443222,
    0.02899148501455784,
    0.027354292571544647,
    0.025802886113524437,
    0.025265103206038475
  ]
}