{
  "task": "psmnist",
  "mechanism": "rddlgn",
  "seq_len": 56,
  "hidden": 1000,
  "cell_layers": 2,
  "keep_bias": 3.0,
  "tau": 30.0,
  "grad_factor": 1.0,
  "grad_clip": 1.0,
  "lr": 0.003,
  "lr_min": 0.0003,
  "entropy_reg": 0.0,
  "batch_size": 128,
  "iters": 20000,
  "seed": 0,
  "device": "cuda",
  "logic_gates": 2000,
  "best_val": 0.5826666666666667,
  "test_acc": 0.5964,
  "test_soft": 0.6421,
  "discretization_gap": 0.04569999999999996,
  "n_skipped": 0,
  "train_minutes": 23.051318641503652,
  "grad_profile": [
    1.3775995623378171e-14,
    1.270656350320712e-13,
    3.7686176336711175e-13,
    5.997223117421013e-13,
    6.700200832522596e-13,
    7.338275495073765e-13,
    5.6349794622101435e-12,
    5.669316145012759e-12,
    8.110024804497407e-12,
    8.37061583242038e-12,
    8.803167396431721e-12,
    4.760628696809377e-11,
    6.679590908165167e-11,
    9.041899867723302e-11,
    1.081496558974493e-09,
    1.1557549361995711e-09,
    1.0986305198912305e-09,
    1.1049636761129022e-09,
    1.1524633469761625e-09,
    1.7908838856328657e-09,
    1.9629100567186697e-09,
    3.576877531941136e-07,
    5.419320245891868e-07,
    3.3662615805951646e-06,
    6.445943654398434e-06,
    6.518383997899946e-06,
    1.8519489458412863e-05,
    3.922453834093176e-05,
    5.23709059052635e-05,
    0.0006403474835678935,
    0.000981769640929997,
    0.0020643819589167833,
    0.0030915644019842148,
    0.0027893760707229376,
    0.00462894793599844,
    0.005623513367027044,
    0.005566759500652552,
    0.0059173558838665485,
    0.005529400892555714,
    0.005840006750077009,
    0.0057967593893408775,
    0.007439055945724249,
    0.008971369825303555,
    0.01030846405774355,
    0.013240781612694263,
    0.020198555663228035,
    0.027190349996089935,
    0.03726411238312721,
    0.042613495141267776,
    0.042527247220277786,
    0.04502260312438011,
    0.04053175076842308,
    0.037705011665821075,
    0.033457573503255844,
    0.02968834899365902,
    0.025477640330791473
  ]
}