{
  "task": "psmnist",
  "mechanism": "gated",
  "seq_len": 28,
  "hidden": 1000,
  "cell_layers": 2,
  "keep_bias": 4.0,
  "tau": 30.0,
  "grad_factor": 1.0,
  "grad_clip": 1.0,
  "lr": 0.003,
  "lr_min": 0.0003,
  "entropy_reg": 0.0,
  "batch_size": 128,
  "iters": 20000,
  "seed": 0,
  "device": "cuda",
  "logic_gates": 4000,
  "best_val": 0.3953333333333333,
  "test_acc": 0.389,
  "test_soft": 0.6589,
  "discretization_gap": 0.26990000000000003,
  "n_skipped": 0,
  "train_minutes": 24.051544801394144,
  "grad_profile": [
    1.6573739051818848,
    1.3414812088012695,
    1.0299279689788818,
    0.8510276079177856,
    0.619012713432312,
    0.5285303592681885,
    0.4172213673591614,
    0.35377106070518494,
    0.3110223412513733,
    0.26965251564979553,
    0.24382422864437103,
    0.2192799299955368,
    0.1944945901632309,
    0.17288200557231903,
    0.13346624374389648,
    0.10392504930496216,
    0.08562277257442474,
    0.07330461591482162,
    0.06070687621831894,
    0.05164854973554611,
    0.044338248670101166,
    0.038605883717536926,
    0.03391452878713608,
    0.02961873821914196,
    0.026375606656074524,
    0.024602198973298073,
    0.023615937680006027,
    0.0247493926435709
  ]
}