{
  "task": "psmnist",
  "mechanism": "clatch",
  "seq_len": 28,
  "test_seq_len": null,
  "latch_kind": null,
  "hard_state": true,
  "hard_control": null,
  "anneal": "0.1,0.6",
  "hidden": 1000,
  "cell_layers": 2,
  "keep_bias": 1.0,
  "tau": 30.0,
  "grad_factor": 1.0,
  "grad_clip": 1.0,
  "lr": 0.003,
  "lr_min": 0.0003,
  "entropy_reg": 0.0,
  "margin_reg": 0.0,
  "deep_sup": 0.0,
  "state_mushy_by_t": null,
  "batch_size": 128,
  "iters": 20000,
  "seed": 0,
  "device": "cuda",
  "logic_gates": 4000,
  "best_val": 0.5733333333333334,
  "test_acc": 0.5703,
  "test_soft": 0.6113,
  "discretization_gap": 0.040999999999999925,
  "n_skipped": 0,
  "train_minutes": 24.823107818762463,
  "grad_profile": null,
  "gate_totals": [
    395,
    206,
    192,
    450,
    198,
    416,
    74,
    188,
    210,
    45,
    410,
    168,
    427,
    158,
    173,
    290
  ],
  "gate_distribution": {
    "cell.candidate.net.0": [
      77,
      31,
      34,
      150,
      28,
      122,
      6,
      37,
      34,
      4,
      149,
      35,
      157,
      29,
      28,
      79
    ],
    "cell.candidate.net.1": [
      2,
      38,
      34,
      186,
      45,
      165,
      34,
      28,
      43,
      23,
      144,
      32,
      149,
      34,
      32,
      11
    ],
    "cell.gate.net.0": [
      141,
      50,
      37,
      70,
      47,
      70,
      14,
      61,
      54,
      7,
      66,
      46,
      71,
      41,
      50,
      175
    ],
    "cell.gate.net.1": [
      175,
      87,
      87,
      44,
      78,
      59,
      20,
      62,
      79,
      11,
      51,
      55,
      50,
      54,
      63,
      25
    ]
  }
}