{
  "task": "psmnist",
  "mechanism": "rddlgn",
  "seq_len": 28,
  "test_seq_len": null,
  "latch_kind": null,
  "hard_state": null,
  "hard_control": null,
  "anneal": null,
  "hidden": 2000,
  "cell_layers": 2,
  "keep_bias": 3.0,
  "tau": 30.0,
  "grad_factor": 1.0,
  "grad_clip": 1.0,
  "lr": 0.003,
  "lr_min": 0.0003,
  "entropy_reg": 0.0,
  "margin_reg": 0.0,
  "deep_sup": 0.0,
  "running_target": false,
  "state_mushy_by_t": null,
  "batch_size": 128,
  "iters": 20000,
  "seed": 2,
  "device": "cuda",
  "logic_gates": 4000,
  "best_val": 0.674,
  "test_acc": 0.6814,
  "test_soft": 0.7114,
  "discretization_gap": 0.030000000000000027,
  "n_skipped": 0,
  "train_minutes": 14.16252878109614,
  "grad_profile": null,
  "gate_totals": [
    124,
    161,
    163,
    561,
    181,
    642,
    109,
    123,
    197,
    89,
    561,
    141,
    581,
    131,
    115,
    121
  ],
  "gate_distribution": {
    "cell.update.net.0": [
      121,
      62,
      78,
      256,
      66,
      318,
      27,
      73,
      92,
      17,
      273,
      88,
      265,
      87,
      60,
      117
    ],
    "cell.update.net.1": [
      3,
      99,
      85,
      305,
      115,
      324,
      82,
      50,
      105,
      72,
      288,
      53,
      316,
      44,
      55,
      4
    ]
  }
}