{
  "task": "psmnist",
  "mechanism": "gated",
  "seq_len": 49,
  "hidden": 1000,
  "cell_layers": 2,
  "keep_bias": 4.0,
  "tau": 30.0,
  "grad_factor": 1.0,
  "grad_clip": 1.0,
  "lr": 0.003,
  "lr_min": 0.0003,
  "entropy_reg": 0.0,
  "batch_size": 128,
  "iters": 20000,
  "seed": 0,
  "device": "cuda",
  "logic_gates": 4000,
  "best_val": 0.3556666666666667,
  "test_acc": 0.3758,
  "test_soft": 0.6113,
  "discretization_gap": 0.23549999999999993,
  "n_skipped": 0,
  "train_minutes": 38.57508788108826,
  "grad_profile": [
    1.4528335332870483,
    1.2345166206359863,
    1.1930291652679443,
    1.14041268825531,
    1.0883700847625732,
    1.0212589502334595,
    0.9921960830688477,
    0.9683391451835632,
    0.9395142793655396,
    0.9068900942802429,
    0.879246711730957,
    0.8440658450126648,
    0.8131245970726013,
    0.7860278487205505,
    0.7768486142158508,
    0.7536332011222839,
    0.7130528688430786,
    0.6814202666282654,
    0.6533204317092896,
    0.6204602122306824,
    0.5837194919586182,
    0.5411357283592224,
    0.4902834892272949,
    0.4370078444480896,
    0.3842911422252655,
    0.3312954008579254,
    0.2815663814544678,
    0.24425044655799866,
    0.21233448386192322,
    0.18489205837249756,
    0.16248251497745514,
    0.1452285796403885,
    0.1298874467611313,
    0.1162150427699089,
    0.1042402982711792,
    0.09288454800844193,
    0.0823402851819992,
    0.07261248677968979,
    0.06403139233589172,
    0.05574409291148186,
    0.04792691394686699,
    0.04166962206363678,
    0.03613542765378952,
    0.031934257596731186,
    0.028857935220003128,
    0.027162855491042137,
    0.02565395087003708,
    0.02500881254673004,
    0.025088857859373093
  ]
}