{
  "task": "psmnist",
  "mechanism": "gated",
  "seq_len": 98,
  "hidden": 1000,
  "cell_layers": 2,
  "keep_bias": 4.0,
  "tau": 30.0,
  "grad_factor": 1.0,
  "grad_clip": 1.0,
  "lr": 0.003,
  "lr_min": 0.0003,
  "entropy_reg": 0.0,
  "batch_size": 128,
  "iters": 20000,
  "seed": 0,
  "device": "cuda",
  "logic_gates": 4000,
  "best_val": 0.2768333333333333,
  "test_acc": 0.2833,
  "test_soft": 0.5323,
  "discretization_gap": 0.249,
  "n_skipped": 0,
  "train_minutes": 69.31805606683095,
  "grad_profile": [
    0.24883601069450378,
    0.24547171592712402,
    0.2416633665561676,
    0.23839913308620453,
    0.2361416071653366,
    0.23264707624912262,
    0.23025862872600555,
    0.22017912566661835,
    0.20756275951862335,
    0.19502092897891998,
    0.18321570754051208,
    0.17481198906898499,
    0.1646423488855362,
    0.15941590070724487,
    0.15500687062740326,
    0.15140816569328308,
    0.14867140352725983,
    0.14487597346305847,
    0.14266371726989746,
    0.1409691870212555,
    0.13652870059013367,
    0.1356804370880127,
    0.13459822535514832,
    0.13360828161239624,
    0.1323910802602768,
    0.1316555142402649,
    0.13012196123600006,
    0.12950041890144348,
    0.12922899425029755,
    0.12745429575443268,
    0.1270262598991394,
    0.12448081374168396,
    0.12261349707841873,
    0.11830113083124161,
    0.11490963399410248,
    0.11452455073595047,
    0.11421004682779312,
    0.11388680338859558,
    0.11363960802555084,
    0.11334545910358429,
    0.11284832656383514,
    0.1119670495390892,
    0.1116521880030632,
    0.11130500584840775,
    0.10875400900840759,
    0.10856202244758606,
    0.10816477984189987,
    0.10780657827854156,
    0.10759484767913818,
    0.10659468173980713,
    0.10639604181051254,
    0.10371587425470352,
    0.10354849696159363,
    0.10310354083776474,
    0.10283966362476349,
    0.10271118581295013,
    0.10099893063306808,
    0.10045524686574936,
    0.10000022500753403,
    0.0957571417093277,
    0.0957159623503685,
    0.09539177268743515,
    0.0950092226266861,
    0.09362189471721649,
    0.08902695775032043,
    0.08952125906944275,
    0.09164837002754211,
    0.08995459973812103,
    0.08971387147903442,
    0.08952885121107101,
    0.08881954103708267,
    0.08800844103097916,
    0.08771001547574997,
    0.08774106949567795,
    0.08629503101110458,
    0.08543877303600311,
    0.08579643070697784,
    0.08595317602157593,
    0.08528830111026764,
    0.08225231617689133,
    0.07940341532230377,
    0.07975886762142181,
    0.07067333161830902,
    0.06666175276041031,
    0.06004927679896355,
    0.05452784523367882,
    0.05549829825758934,
    0.04803658276796341,
    0.044709693640470505,
    0.041286300867795944,
    0.036206576973199844,
    0.032114673405885696,
    0.02915448136627674,
    0.02838514931499958,
    0.027430595830082893,
    0.026576124131679535,
    0.026015235111117363,
    0.026325324550271034
  ]
}