{
  "task": "psmnist",
  "mechanism": "rddlgn",
  "seq_len": 28,
  "hidden": 2000,
  "cell_layers": 2,
  "keep_bias": 3.0,
  "tau": 30.0,
  "grad_factor": 1.0,
  "grad_clip": 1.0,
  "lr": 0.003,
  "lr_min": 0.0003,
  "entropy_reg": 0.0,
  "batch_size": 128,
  "iters": 20000,
  "seed": 0,
  "device": "cuda",
  "logic_gates": 4000,
  "best_val": 0.6473333333333333,
  "test_acc": 0.6552,
  "test_soft": 0.6936,
  "discretization_gap": 0.03839999999999999,
  "n_skipped": 0,
  "train_minutes": 20.164965132872265,
  "grad_profile": [
    1.0351282980991527e-05,
    2.5210661988239735e-05,
    8.604220784036443e-05,
    9.649911226006225e-05,
    0.0001829622924560681,
    0.0003442001179791987,
    0.00048247238737531006,
    0.0006555329309776425,
    0.000790793914347887,
    0.0016175133641809225,
    0.002254071645438671,
    0.0034318144898861647,
    0.004743258468806744,
    0.006528245750814676,
    0.009854466654360294,
    0.014390256255865097,
    0.01960410550236702,
    0.024257272481918335,
    0.03859507665038109,
    0.04213843122124672,
    0.052848510444164276,
    0.058829471468925476,
    0.058242201805114746,
    0.057006943970918655,
    0.0517086423933506,
    0.045057304203510284,
    0.03823182359337807,
    0.03310560807585716
  ]
}