{
  "task": "psmnist",
  "mechanism": "combo",
  "seq_len": 28,
  "test_seq_len": null,
  "latch_kind": null,
  "hard_state": true,
  "hard_control": null,
  "anneal": "0.1,0.6",
  "hidden": 1000,
  "cell_layers": 2,
  "keep_bias": 0.0,
  "tau": 30.0,
  "grad_factor": 1.0,
  "grad_clip": 1.0,
  "lr": 0.003,
  "lr_min": 0.0003,
  "entropy_reg": 0.0,
  "margin_reg": 0.0,
  "deep_sup": 0.0,
  "running_target": false,
  "state_mushy_by_t": null,
  "batch_size": 128,
  "iters": 20000,
  "seed": 2,
  "device": "cuda",
  "logic_gates": 4000,
  "best_val": 0.5876666666666667,
  "test_acc": 0.6072,
  "test_soft": 0.5826,
  "discretization_gap": -0.024599999999999955,
  "n_skipped": 0,
  "train_minutes": 27.01548624833425,
  "grad_profile": null,
  "gate_totals": [
    384,
    198,
    200,
    423,
    220,
    415,
    63,
    188,
    231,
    66,
    422,
    163,
    415,
    187,
    177,
    248
  ],
  "gate_distribution": {
    "cell.candidate.net.0": [
      70,
      28,
      24,
      138,
      40,
      150,
      13,
      35,
      53,
      8,
      149,
      35,
      123,
      36,
      32,
      66
    ],
    "cell.candidate.net.1": [
      4,
      44,
      39,
      174,
      37,
      158,
      29,
      29,
      43,
      34,
      160,
      23,
      165,
      26,
      30,
      5
    ],
    "cell.gate.net.0": [
      146,
      57,
      56,
      50,
      71,
      62,
      11,
      52,
      63,
      11,
      44,
      54,
      68,
      62,
      44,
      149
    ],
    "cell.gate.net.1": [
      164,
      69,
      81,
      61,
      72,
      45,
      10,
      72,
      72,
      13,
      69,
      51,
      59,
      63,
      71,
      28
    ]
  }
}