{
  "task": "psmnist",
  "mechanism": "gated",
  "seq_len": 28,
  "test_seq_len": null,
  "latch_kind": null,
  "hard_state": null,
  "hard_control": null,
  "anneal": null,
  "hidden": 1000,
  "cell_layers": 2,
  "keep_bias": 0.0,
  "tau": 30.0,
  "grad_factor": 1.0,
  "grad_clip": 1.0,
  "lr": 0.003,
  "lr_min": 0.0003,
  "entropy_reg": 0.0,
  "margin_reg": 0.0,
  "deep_sup": 0.0,
  "running_target": false,
  "state_mushy_by_t": null,
  "batch_size": 128,
  "iters": 20000,
  "seed": 3,
  "device": "cuda",
  "logic_gates": 4000,
  "best_val": 0.6553333333333333,
  "test_acc": 0.6555,
  "test_soft": 0.7065,
  "discretization_gap": 0.051000000000000045,
  "n_skipped": 0,
  "train_minutes": 24.420898373921712,
  "grad_profile": null,
  "gate_totals": [
    455,
    224,
    192,
    464,
    179,
    408,
    61,
    161,
    193,
    49,
    387,
    167,
    461,
    171,
    175,
    253
  ],
  "gate_distribution": {
    "cell.candidate.net.0": [
      94,
      36,
      29,
      143,
      22,
      131,
      7,
      37,
      31,
      7,
      118,
      37,
      160,
      41,
      27,
      80
    ],
    "cell.candidate.net.1": [
      0,
      37,
      45,
      160,
      41,
      148,
      33,
      30,
      38,
      26,
      140,
      29,
      190,
      33,
      42,
      8
    ],
    "cell.gate.net.0": [
      163,
      56,
      52,
      97,
      46,
      67,
      7,
      52,
      43,
      7,
      69,
      43,
      70,
      35,
      42,
      151
    ],
    "cell.gate.net.1": [
      198,
      95,
      66,
      64,
      70,
      62,
      14,
      42,
      81,
      9,
      60,
      58,
      41,
      62,
      64,
      14
    ]
  }
}