{
  "task": "psmnist",
  "mechanism": "latch",
  "seq_len": 28,
  "test_seq_len": null,
  "latch_kind": "tff",
  "hard_state": true,
  "hard_control": false,
  "anneal": "0.1,0.6",
  "hidden": 1000,
  "cell_layers": 2,
  "keep_bias": 1.0,
  "tau": 30.0,
  "grad_factor": 1.0,
  "grad_clip": 1.0,
  "lr": 0.003,
  "lr_min": 0.0003,
  "entropy_reg": 0.0,
  "margin_reg": 0.0,
  "deep_sup": 0.0,
  "state_mushy_by_t": null,
  "batch_size": 128,
  "iters": 20000,
  "seed": 0,
  "device": "cuda",
  "logic_gates": 2000,
  "best_val": 0.20566666666666666,
  "test_acc": 0.1995,
  "test_soft": 0.2138,
  "discretization_gap": 0.01429999999999998,
  "n_skipped": 0,
  "train_minutes": 18.975859423478443,
  "grad_profile": null,
  "gate_totals": [
    262,
    144,
    106,
    146,
    150,
    143,
    55,
    92,
    106,
    58,
    139,
    125,
    142,
    101,
    111,
    120
  ],
  "gate_distribution": {
    "cell.toggle_net.net.0": [
      78,
      83,
      49,
      76,
      61,
      72,
      36,
      51,
      43,
      32,
      72,
      68,
      69,
      53,
      67,
      90
    ],
    "cell.toggle_net.net.1": [
      184,
      61,
      57,
      70,
      89,
      71,
      19,
      41,
      63,
      26,
      67,
      57,
      73,
      48,
      44,
      30
    ]
  }
}