{
  "task": "psmnist",
  "mechanism": "gated",
  "seq_len": 28,
  "test_seq_len": null,
  "latch_kind": null,
  "hard_state": null,
  "hard_control": null,
  "anneal": null,
  "hidden": 1000,
  "cell_layers": 2,
  "keep_bias": 4.0,
  "tau": 30.0,
  "grad_factor": 1.0,
  "grad_clip": 1.0,
  "lr": 0.003,
  "lr_min": 0.0003,
  "entropy_reg": 0.0,
  "margin_reg": 0.0,
  "deep_sup": 0.0,
  "running_target": false,
  "state_mushy_by_t": null,
  "batch_size": 128,
  "iters": 20000,
  "seed": 2,
  "device": "cuda",
  "logic_gates": 4000,
  "best_val": 0.372,
  "test_acc": 0.3796,
  "test_soft": 0.6007,
  "discretization_gap": 0.22110000000000002,
  "n_skipped": 0,
  "train_minutes": 26.618916300932565,
  "grad_profile": null,
  "gate_totals": [
    236,
    134,
    124,
    442,
    147,
    462,
    70,
    237,
    194,
    50,
    428,
    191,
    448,
    214,
    206,
    417
  ],
  "gate_distribution": {
    "cell.candidate.net.0": [
      77,
      31,
      27,
      120,
      28,
      144,
      10,
      58,
      57,
      7,
      129,
      35,
      139,
      34,
      30,
      74
    ],
    "cell.candidate.net.1": [
      4,
      29,
      30,
      185,
      30,
      165,
      24,
      33,
      37,
      26,
      174,
      33,
      165,
      27,
      26,
      12
    ],
    "cell.gate.net.0": [
      92,
      42,
      36,
      79,
      57,
      111,
      21,
      76,
      71,
      7,
      77,
      46,
      89,
      46,
      43,
      107
    ],
    "cell.gate.net.1": [
      63,
      32,
      31,
      58,
      32,
      42,
      15,
      70,
      29,
      10,
      48,
      77,
      55,
      107,
      107,
      224
    ]
  }
}