{
  "task": "psmnist",
  "mechanism": "gated",
  "seq_len": 28,
  "test_seq_len": null,
  "latch_kind": null,
  "hard_state": null,
  "hard_control": null,
  "anneal": null,
  "hidden": 1000,
  "cell_layers": 2,
  "keep_bias": 0.0,
  "tau": 30.0,
  "grad_factor": 1.0,
  "grad_clip": 1.0,
  "lr": 0.003,
  "lr_min": 0.0003,
  "entropy_reg": 0.0,
  "margin_reg": 0.0,
  "deep_sup": 0.2,
  "running_target": false,
  "state_mushy_by_t": null,
  "batch_size": 128,
  "iters": 20000,
  "seed": 1,
  "device": "cuda",
  "logic_gates": 4000,
  "best_val": 0.5233333333333333,
  "test_acc": 0.5344,
  "test_soft": 0.6066,
  "discretization_gap": 0.07220000000000004,
  "n_skipped": 0,
  "train_minutes": 26.2399391969045,
  "grad_profile": null,
  "gate_totals": [
    378,
    207,
    201,
    455,
    213,
    427,
    58,
    180,
    235,
    76,
    411,
    151,
    421,
    169,
    141,
    277
  ],
  "gate_distribution": {
    "cell.candidate.net.0": [
      65,
      30,
      33,
      147,
      40,
      147,
      11,
      39,
      31,
      10,
      132,
      31,
      147,
      42,
      23,
      72
    ],
    "cell.candidate.net.1": [
      1,
      42,
      37,
      177,
      42,
      163,
      22,
      29,
      40,
      26,
      156,
      36,
      148,
      30,
      31,
      20
    ],
    "cell.gate.net.0": [
      161,
      47,
      46,
      64,
      45,
      54,
      13,
      67,
      57,
      20,
      59,
      39,
      61,
      53,
      45,
      169
    ],
    "cell.gate.net.1": [
      151,
      88,
      85,
      67,
      86,
      63,
      12,
      45,
      107,
      20,
      64,
      45,
      65,
      44,
      42,
      16
    ]
  }
}