{
  "task": "psmnist",
  "mechanism": "gated",
  "seq_len": 28,
  "hidden": 1000,
  "cell_layers": 2,
  "keep_bias": 0.0,
  "tau": 30.0,
  "grad_factor": 1.0,
  "grad_clip": 1.0,
  "lr": 0.003,
  "lr_min": 0.0003,
  "entropy_reg": 0.0,
  "batch_size": 128,
  "iters": 20000,
  "seed": 0,
  "device": "cuda",
  "logic_gates": 4000,
  "best_val": 0.6141666666666666,
  "test_acc": 0.6322,
  "test_soft": 0.7088,
  "discretization_gap": 0.0766,
  "n_skipped": 0,
  "train_minutes": 24.676448674996696,
  "grad_profile": [
    97.9874267578125,
    61.920833587646484,
    32.078208923339844,
    26.360702514648438,
    13.774184226989746,
    7.567056655883789,
    4.376923084259033,
    2.6708803176879883,
    1.4267522096633911,
    0.9374092221260071,
    0.5041122436523438,
    0.2731817960739136,
    0.1521158367395401,
    0.08873053640127182,
    0.0567658357322216,
    0.04326094314455986,
    0.03371541202068329,
    0.030391013249754906,
    0.029471052810549736,
    0.028350235894322395,
    0.02991219237446785,
    0.03110538050532341,
    0.031373973935842514,
    0.03274138271808624,
    0.033890772610902786,
    0.030859634280204773,
    0.027349146082997322,
    0.025338925421237946
  ]
}