{
  "task": "psmnist",
  "mechanism": "rddlgn",
  "seq_len": 28,
  "test_seq_len": null,
  "latch_kind": null,
  "hard_state": null,
  "hard_control": null,
  "anneal": null,
  "hidden": 2000,
  "cell_layers": 2,
  "keep_bias": 3.0,
  "tau": 30.0,
  "grad_factor": 1.0,
  "grad_clip": 1.0,
  "lr": 0.003,
  "lr_min": 0.0003,
  "entropy_reg": 0.0,
  "margin_reg": 0.0,
  "deep_sup": 0.0,
  "running_target": false,
  "state_mushy_by_t": null,
  "batch_size": 128,
  "iters": 20000,
  "seed": 1,
  "device": "cuda",
  "logic_gates": 4000,
  "best_val": 0.6818333333333333,
  "test_acc": 0.6857,
  "test_soft": 0.718,
  "discretization_gap": 0.032299999999999995,
  "n_skipped": 0,
  "train_minutes": 14.719278371334076,
  "grad_profile": null,
  "gate_totals": [
    141,
    188,
    169,
    553,
    175,
    568,
    116,
    121,
    167,
    94,
    583,
    137,
    601,
    137,
    113,
    137
  ],
  "gate_distribution": {
    "cell.update.net.0": [
      136,
      75,
      80,
      258,
      79,
      255,
      23,
      77,
      74,
      23,
      274,
      86,
      275,
      83,
      68,
      134
    ],
    "cell.update.net.1": [
      5,
      113,
      89,
      295,
      96,
      313,
      93,
      44,
      93,
      71,
      309,
      51,
      326,
      54,
      45,
      3
    ]
  }
}