{
  "task": "psmnist",
  "mechanism": "gated",
  "seq_len": 28,
  "hidden": 1000,
  "cell_layers": 2,
  "keep_bias": 1.0,
  "tau": 30.0,
  "grad_factor": 1.0,
  "grad_clip": 1.0,
  "lr": 0.003,
  "lr_min": 0.0003,
  "entropy_reg": 0.0,
  "batch_size": 128,
  "iters": 20000,
  "seed": 0,
  "device": "cuda",
  "logic_gates": 4000,
  "best_val": 0.534,
  "test_acc": 0.5475,
  "test_soft": 0.6598,
  "discretization_gap": 0.11230000000000007,
  "n_skipped": 0,
  "train_minutes": 24.743093005816142,
  "grad_profile": [
    51.19137191772461,
    26.73668098449707,
    14.01875114440918,
    9.012801170349121,
    5.671099662780762,
    3.599278450012207,
    2.4510316848754883,
    1.491132140159607,
    0.952675461769104,
    0.6644493341445923,
    0.47757408022880554,
    0.34795722365379333,
    0.26762109994888306,
    0.2184194177389145,
    0.1831844002008438,
    0.12804226577281952,
    0.0911753922700882,
    0.07019880414009094,
    0.05578654631972313,
    0.047040969133377075,
    0.04018653929233551,
    0.03555220738053322,
    0.032089900225400925,
    0.029862718656659126,
    0.030517464503645897,
    0.028626181185245514,
    0.0261967983096838,
    0.025113128125667572
  ]
}