{
  "task": "psmnist",
  "mechanism": "gated",
  "seq_len": 28,
  "test_seq_len": null,
  "latch_kind": null,
  "hard_state": null,
  "hard_control": null,
  "anneal": null,
  "hidden": 1000,
  "cell_layers": 2,
  "keep_bias": 0.0,
  "tau": 30.0,
  "grad_factor": 1.0,
  "grad_clip": 1.0,
  "lr": 0.003,
  "lr_min": 0.0003,
  "entropy_reg": 0.0,
  "margin_reg": 0.0,
  "deep_sup": 0.2,
  "running_target": false,
  "state_mushy_by_t": null,
  "batch_size": 128,
  "iters": 20000,
  "seed": 2,
  "device": "cuda",
  "logic_gates": 4000,
  "best_val": 0.518,
  "test_acc": 0.536,
  "test_soft": 0.6189,
  "discretization_gap": 0.08289999999999997,
  "n_skipped": 0,
  "train_minutes": 27.874592165152233,
  "grad_profile": null,
  "gate_totals": [
    331,
    215,
    219,
    452,
    199,
    446,
    66,
    195,
    239,
    69,
    419,
    149,
    456,
    161,
    164,
    220
  ],
  "gate_distribution": {
    "cell.candidate.net.0": [
      62,
      30,
      32,
      138,
      39,
      145,
      9,
      47,
      34,
      8,
      148,
      29,
      149,
      27,
      29,
      74
    ],
    "cell.candidate.net.1": [
      1,
      40,
      54,
      173,
      43,
      168,
      33,
      27,
      56,
      31,
      138,
      21,
      153,
      25,
      28,
      9
    ],
    "cell.gate.net.0": [
      140,
      50,
      43,
      64,
      38,
      70,
      14,
      77,
      64,
      18,
      57,
      56,
      66,
      67,
      51,
      125
    ],
    "cell.gate.net.1": [
      128,
      95,
      90,
      77,
      79,
      63,
      10,
      44,
      85,
      12,
      76,
      43,
      88,
      42,
      56,
      12
    ]
  }
}