{
  "task": "selcopy",
  "mechanism": "clatch",
  "seq_len": 100,
  "test_seq_len": 100,
  "latch_kind": null,
  "hard_state": true,
  "hard_control": null,
  "anneal": "0.1,0.6",
  "hidden": 1024,
  "cell_layers": 2,
  "keep_bias": 1.0,
  "tau": 30.0,
  "grad_factor": 1.0,
  "grad_clip": 1.0,
  "lr": 0.003,
  "lr_min": 0.0003,
  "entropy_reg": 0.0,
  "margin_reg": 0.0,
  "deep_sup": 0.2,
  "state_mushy_by_t": null,
  "batch_size": 128,
  "iters": 20000,
  "seed": 0,
  "device": "cuda",
  "logic_gates": 4096,
  "best_val": 0.3704,
  "test_acc": 0.3746,
  "test_soft": 0.4867,
  "discretization_gap": 0.11210000000000003,
  "n_skipped": 0,
  "train_minutes": 75.72348338762919,
  "grad_profile": null,
  "gate_totals": [
    359,
    279,
    231,
    440,
    240,
    472,
    77,
    182,
    279,
    84,
    441,
    119,
    421,
    133,
    121,
    218
  ],
  "gate_distribution": {
    "cell.candidate.net.0": [
      62,
      67,
      38,
      144,
      31,
      151,
      5,
      27,
      24,
      6,
      134,
      30,
      145,
      45,
      42,
      73
    ],
    "cell.candidate.net.1": [
      4,
      67,
      50,
      169,
      50,
      183,
      30,
      14,
      56,
      46,
      162,
      11,
      159,
      13,
      10,
      0
    ],
    "cell.gate.net.0": [
      119,
      61,
      52,
      55,
      39,
      53,
      26,
      111,
      100,
      19,
      77,
      52,
      41,
      49,
      51,
      119
    ],
    "cell.gate.net.1": [
      174,
      84,
      91,
      72,
      120,
      85,
      16,
      30,
      99,
      13,
      68,
      26,
      76,
      26,
      18,
      26
    ]
  }
}