{
  "task": "selcopy",
  "mechanism": "gated",
  "seq_len": 100,
  "test_seq_len": 100,
  "latch_kind": null,
  "hard_state": null,
  "hard_control": null,
  "anneal": null,
  "hidden": 1024,
  "cell_layers": 2,
  "keep_bias": 1.0,
  "tau": 30.0,
  "grad_factor": 1.0,
  "grad_clip": 1.0,
  "lr": 0.003,
  "lr_min": 0.0003,
  "entropy_reg": 0.0,
  "margin_reg": 0.0,
  "deep_sup": 0.2,
  "running_target": false,
  "state_mushy_by_t": null,
  "batch_size": 128,
  "iters": 20000,
  "seed": 0,
  "device": "cuda",
  "logic_gates": 4096,
  "best_val": 0.603,
  "test_acc": 0.6087,
  "test_soft": 0.6156,
  "discretization_gap": 0.006900000000000017,
  "n_skipped": 0,
  "train_minutes": 72.08557923237483,
  "grad_profile": null,
  "gate_totals": [
    402,
    309,
    247,
    414,
    275,
    461,
    68,
    150,
    297,
    87,
    413,
    126,
    383,
    116,
    133,
    215
  ],
  "gate_distribution": {
    "cell.candidate.net.0": [
      63,
      69,
      40,
      132,
      41,
      158,
      9,
      19,
      26,
      7,
      123,
      34,
      135,
      51,
      57,
      60
    ],
    "cell.candidate.net.1": [
      6,
      77,
      60,
      159,
      59,
      177,
      26,
      9,
      67,
      51,
      162,
      10,
      141,
      12,
      8,
      0
    ],
    "cell.gate.net.0": [
      135,
      65,
      45,
      63,
      41,
      52,
      22,
      102,
      92,
      16,
      61,
      52,
      49,
      36,
      59,
      134
    ],
    "cell.gate.net.1": [
      198,
      98,
      102,
      60,
      134,
      74,
      11,
      20,
      112,
      13,
      67,
      30,
      58,
      17,
      9,
      21
    ]
  }
}