{
  "task": "selcopy",
  "mechanism": "gated",
  "seq_len": 50,
  "test_seq_len": 50,
  "latch_kind": null,
  "hard_state": null,
  "hard_control": null,
  "anneal": null,
  "hidden": 1024,
  "cell_layers": 2,
  "keep_bias": 3.0,
  "tau": 30.0,
  "grad_factor": 1.0,
  "grad_clip": 1.0,
  "lr": 0.003,
  "lr_min": 0.0003,
  "entropy_reg": 0.0,
  "margin_reg": 0.0,
  "deep_sup": 0.2,
  "state_mushy_by_t": null,
  "batch_size": 128,
  "iters": 20000,
  "seed": 0,
  "device": "cuda",
  "logic_gates": 4096,
  "best_val": 0.6206,
  "test_acc": 0.6258,
  "test_soft": 0.6253,
  "discretization_gap": -0.000500000000000056,
  "n_skipped": 0,
  "train_minutes": 39.04607475996018,
  "grad_profile": null,
  "gate_totals": [
    327,
    221,
    214,
    397,
    213,
    435,
    82,
    190,
    288,
    89,
    433,
    148,
    439,
    157,
    169,
    294
  ],
  "gate_distribution": {
    "cell.candidate.net.0": [
      63,
      55,
      41,
      133,
      42,
      145,
      2,
      27,
      30,
      6,
      130,
      47,
      145,
      41,
      52,
      65
    ],
    "cell.candidate.net.1": [
      7,
      69,
      56,
      149,
      54,
      151,
      48,
      15,
      79,
      41,
      166,
      7,
      158,
      12,
      11,
      1
    ],
    "cell.gate.net.0": [
      157,
      42,
      42,
      43,
      40,
      55,
      14,
      96,
      96,
      22,
      57,
      46,
      52,
      43,
      51,
      168
    ],
    "cell.gate.net.1": [
      100,
      55,
      75,
      72,
      77,
      84,
      18,
      52,
      83,
      20,
      80,
      48,
      84,
      61,
      55,
      60
    ]
  }
}