{
  "task": "selcopy",
  "mechanism": "gated",
  "seq_len": 50,
  "test_seq_len": 50,
  "latch_kind": null,
  "hard_state": null,
  "hard_control": null,
  "anneal": null,
  "hidden": 1024,
  "cell_layers": 2,
  "keep_bias": 3.0,
  "tau": 30.0,
  "grad_factor": 1.0,
  "grad_clip": 1.0,
  "lr": 0.003,
  "lr_min": 0.0003,
  "entropy_reg": 0.0,
  "margin_reg": 0.0,
  "deep_sup": 0.2,
  "state_mushy_by_t": null,
  "batch_size": 128,
  "iters": 20000,
  "seed": 0,
  "device": "cuda",
  "logic_gates": 4096,
  "best_val": 0.6206,
  "test_acc": 0.6258,
  "test_soft": 0.6218,
  "discretization_gap": -0.0040000000000000036,
  "n_skipped": 0,
  "train_minutes": 39.985721878210704,
  "grad_profile": null,
  "gate_totals": [
    331,
    226,
    216,
    398,
    231,
    430,
    84,
    183,
    294,
    92,
    432,
    152,
    428,
    155,
    170,
    274
  ],
  "gate_distribution": {
    "cell.candidate.net.0": [
      63,
      53,
      41,
      133,
      45,
      144,
      2,
      27,
      32,
      6,
      128,
      48,
      143,
      40,
      53,
      66
    ],
    "cell.candidate.net.1": [
      7,
      72,
      57,
      148,
      58,
      148,
      45,
      16,
      79,
      41,
      165,
      8,
      156,
      13,
      11,
      0
    ],
    "cell.gate.net.0": [
      159,
      38,
      44,
      41,
      46,
      54,
      19,
      91,
      94,
      23,
      54,
      49,
      44,
      46,
      51,
      171
    ],
    "cell.gate.net.1": [
      102,
      63,
      74,
      76,
      82,
      84,
      18,
      49,
      89,
      22,
      85,
      47,
      85,
      56,
      55,
      37
    ]
  }
}