{
  "task": "smnist-pixel",
  "mechanism": "gated",
  "seq_len": 51,
  "test_seq_len": null,
  "latch_kind": null,
  "hard_state": null,
  "hard_control": null,
  "anneal": null,
  "hidden": 1000,
  "cell_layers": 2,
  "keep_bias": 3.0,
  "tau": 30.0,
  "grad_factor": 1.0,
  "grad_clip": 1.0,
  "lr": 0.003,
  "lr_min": 0.0003,
  "entropy_reg": 0.0,
  "margin_reg": 0.0,
  "deep_sup": 0.0,
  "running_target": false,
  "state_mushy_by_t": null,
  "batch_size": 128,
  "iters": 20000,
  "seed": 1,
  "device": "cuda",
  "logic_gates": 4000,
  "best_val": 0.2375,
  "test_acc": 0.2414,
  "test_soft": 0.6014,
  "discretization_gap": 0.36000000000000004,
  "n_skipped": 0,
  "train_minutes": 279.04925288756687,
  "grad_profile": null,
  "gate_totals": [
    169,
    171,
    210,
    354,
    214,
    356,
    187,
    247,
    270,
    192,
    344,
    192,
    365,
    189,
    191,
    349
  ],
  "gate_distribution": {
    "cell.candidate.net.0": [
      41,
      41,
      51,
      88,
      52,
      92,
      54,
      70,
      81,
      63,
      79,
      52,
      98,
      45,
      39,
      54
    ],
    "cell.candidate.net.1": [
      0,
      36,
      45,
      156,
      44,
      136,
      69,
      26,
      43,
      57,
      140,
      25,
      148,
      36,
      31,
      8
    ],
    "cell.gate.net.0": [
      56,
      49,
      58,
      64,
      72,
      70,
      43,
      77,
      87,
      50,
      73,
      61,
      71,
      53,
      57,
      59
    ],
    "cell.gate.net.1": [
      72,
      45,
      56,
      46,
      46,
      58,
      21,
      74,
      59,
      22,
      52,
      54,
      48,
      55,
      64,
      228
    ]
  }
}