{
  "task": "smnist-pixel",
  "mechanism": "gated",
  "seq_len": 51,
  "test_seq_len": null,
  "latch_kind": null,
  "hard_state": null,
  "hard_control": null,
  "anneal": null,
  "hidden": 1000,
  "cell_layers": 2,
  "keep_bias": 0.0,
  "tau": 30.0,
  "grad_factor": 1.0,
  "grad_clip": 1.0,
  "lr": 0.003,
  "lr_min": 0.0003,
  "entropy_reg": 0.0,
  "margin_reg": 0.0,
  "deep_sup": 0.0,
  "running_target": false,
  "state_mushy_by_t": null,
  "batch_size": 128,
  "iters": 20000,
  "seed": 1,
  "device": "cuda",
  "logic_gates": 4000,
  "best_val": 0.13516666666666666,
  "test_acc": 0.1353,
  "test_soft": 0.1135,
  "discretization_gap": -0.0218,
  "n_skipped": 0,
  "train_minutes": 287.63783259391784,
  "grad_profile": null,
  "gate_totals": [
    215,
    253,
    264,
    252,
    270,
    247,
    274,
    264,
    255,
    247,
    222,
    253,
    255,
    250,
    260,
    219
  ],
  "gate_distribution": {
    "cell.candidate.net.0": [
      51,
      60,
      60,
      56,
      61,
      67,
      83,
      68,
      59,
      60,
      62,
      62,
      66,
      64,
      57,
      64
    ],
    "cell.candidate.net.1": [
      55,
      60,
      56,
      74,
      64,
      70,
      77,
      62,
      65,
      71,
      53,
      57,
      61,
      60,
      68,
      47
    ],
    "cell.gate.net.0": [
      54,
      78,
      77,
      63,
      72,
      51,
      55,
      69,
      66,
      51,
      54,
      65,
      60,
      58,
      69,
      58
    ],
    "cell.gate.net.1": [
      55,
      55,
      71,
      59,
      73,
      59,
      59,
      65,
      65,
      65,
      53,
      69,
      68,
      68,
      66,
      50
    ]
  }
}