{
  "task": "smnist-pixel",
  "mechanism": "rddlgn",
  "seq_len": 51,
  "test_seq_len": null,
  "latch_kind": null,
  "hard_state": null,
  "hard_control": null,
  "anneal": null,
  "hidden": 2000,
  "cell_layers": 2,
  "keep_bias": 3.0,
  "tau": 30.0,
  "grad_factor": 1.0,
  "grad_clip": 1.0,
  "lr": 0.003,
  "lr_min": 0.0003,
  "entropy_reg": 0.0,
  "margin_reg": 0.0,
  "deep_sup": 0.0,
  "running_target": false,
  "state_mushy_by_t": null,
  "batch_size": 128,
  "iters": 20000,
  "seed": 0,
  "device": "cuda",
  "logic_gates": 4000,
  "best_val": 0.1135,
  "test_acc": 0.1165,
  "test_soft": 0.1135,
  "discretization_gap": -0.0030000000000000027,
  "n_skipped": 0,
  "train_minutes": 231.61184553305307,
  "grad_profile": [
    0.0,
    0.0,
    0.0,
    0.0,
    0.0,
    0.0,
    0.0,
    0.0,
    0.0,
    0.0,
    0.0,
    0.0,
    0.0,
    0.0,
    0.0,
    0.0,
    0.0,
    0.0,
    0.0,
    0.0,
    0.0,
    0.0,
    0.0,
    0.0,
    0.0,
    0.0,
    0.0,
    0.0,
    0.0,
    0.0,
    0.0,
    0.0,
    0.0,
    0.0,
    0.0,
    0.0,
    1.1230175883983287e-22,
    4.3146552583300705e-21,
    1.3094691734308654e-19,
    4.153151432898094e-18,
    1.0267063039448216e-16,
    2.2956570692523378e-15,
    8.166715594797383e-14,
    2.864479270101028e-12,
    7.298908005770599e-11,
    1.883884825915061e-09,
    5.650868217799143e-08,
    1.7823189182308852e-06,
    5.29779281350784e-05,
    0.0014414971228688955,
    0.03954201936721802
  ],
  "gate_totals": [
    207,
    218,
    228,
    281,
    216,
    259,
    376,
    234,
    220,
    375,
    234,
    236,
    264,
    208,
    213,
    231
  ],
  "gate_distribution": {
    "cell.update.net.0": [
      98,
      109,
      122,
      135,
      118,
      136,
      172,
      122,
      116,
      165,
      116,
      113,
      147,
      112,
      104,
      115
    ],
    "cell.update.net.1": [
      109,
      109,
      106,
      146,
      98,
      123,
      204,
      112,
      104,
      210,
      118,
      123,
      117,
      96,
      109,
      116
    ]
  }
}