{
  "task": "smnist-pixel",
  "mechanism": "rddlgn",
  "seq_len": 51,
  "hidden": 1000,
  "cell_layers": 2,
  "keep_bias": 3.0,
  "tau": 30.0,
  "grad_factor": 1.0,
  "grad_clip": 1.0,
  "lr": 0.003,
  "lr_min": 0.0003,
  "entropy_reg": 0.0,
  "batch_size": 128,
  "iters": 20000,
  "seed": 0,
  "device": "cuda",
  "logic_gates": 2000,
  "best_val": 0.10883333333333334,
  "test_acc": 0.1135,
  "test_soft": 0.1135,
  "discretization_gap": 0.0,
  "n_skipped": 0,
  "train_minutes": 227.2220615228017,
  "grad_profile": [
    0.0,
    0.0,
    0.0,
    0.0,
    0.0,
    0.0,
    0.0,
    0.0,
    0.0,
    0.0,
    0.0,
    0.0,
    0.0,
    0.0,
    0.0,
    0.0,
    0.0,
    0.0,
    0.0,
    0.0,
    0.0,
    0.0,
    0.0,
    0.0,
    0.0,
    0.0,
    0.0,
    0.0,
    0.0,
    0.0,
    0.0,
    0.0,
    0.0,
    0.0,
    0.0,
    0.0,
    0.0,
    1.1796140795663863e-21,
    3.243665987504522e-20,
    1.1778496677768938e-18,
    4.749019258956793e-17,
    1.5876774975422765e-15,
    4.4558008948118386e-14,
    1.3700135860841844e-12,
    4.2521632048764246e-11,
    1.1868566129891178e-09,
    3.422582750545189e-08,
    9.629449095882592e-07,
    2.8941127311554737e-05,
    0.0009143244242295623,
    0.027965933084487915
  ]
}