{
  "task": "smnist-pixel",
  "mechanism": "gated",
  "seq_len": 51,
  "test_seq_len": null,
  "latch_kind": null,
  "hard_state": null,
  "hard_control": null,
  "anneal": null,
  "hidden": 1000,
  "cell_layers": 2,
  "keep_bias": 0.0,
  "tau": 30.0,
  "grad_factor": 1.0,
  "grad_clip": 1.0,
  "lr": 0.003,
  "lr_min": 0.0003,
  "entropy_reg": 0.0,
  "margin_reg": 0.0,
  "deep_sup": 0.0,
  "running_target": false,
  "state_mushy_by_t": null,
  "batch_size": 128,
  "iters": 20000,
  "seed": 2,
  "device": "cuda",
  "logic_gates": 4000,
  "best_val": 0.1485,
  "test_acc": 0.1519,
  "test_soft": 0.1135,
  "discretization_gap": -0.038400000000000004,
  "n_skipped": 0,
  "train_minutes": 270.9711241404215,
  "grad_profile": null,
  "gate_totals": [
    236,
    258,
    244,
    272,
    230,
    262,
    295,
    216,
    251,
    271,
    259,
    233,
    268,
    235,
    249,
    221
  ],
  "gate_distribution": {
    "cell.candidate.net.0": [
      52,
      69,
      47,
      66,
      54,
      78,
      68,
      55,
      64,
      85,
      71,
      61,
      69,
      54,
      56,
      51
    ],
    "cell.candidate.net.1": [
      71,
      70,
      62,
      71,
      54,
      50,
      95,
      52,
      57,
      69,
      58,
      54,
      76,
      53,
      53,
      55
    ],
    "cell.gate.net.0": [
      57,
      71,
      69,
      61,
      68,
      80,
      80,
      58,
      53,
      48,
      54,
      62,
      57,
      55,
      67,
      60
    ],
    "cell.gate.net.1": [
      56,
      48,
      66,
      74,
      54,
      54,
      52,
      51,
      77,
      69,
      76,
      56,
      66,
      73,
      73,
      55
    ]
  }
}