{
  "task": "smnist-pixel",
  "mechanism": "gated",
  "seq_len": 101,
  "hidden": 1000,
  "cell_layers": 2,
  "keep_bias": 6.0,
  "tau": 30.0,
  "grad_factor": 1.0,
  "grad_clip": 1.0,
  "lr": 0.003,
  "lr_min": 0.0003,
  "entropy_reg": 0.0,
  "batch_size": 128,
  "iters": 20000,
  "seed": 0,
  "device": "cuda",
  "logic_gates": 4000,
  "best_val": 0.34883333333333333,
  "test_acc": 0.339,
  "test_soft": 0.539,
  "discretization_gap": 0.2,
  "n_skipped": 0,
  "train_minutes": 270.6781406124433,
  "grad_profile": [
    362.22039794921875,
    348.4776306152344,
    335.07958984375,
    321.9971923828125,
    309.30975341796875,
    296.9051818847656,
    284.8306884765625,
    273.0899658203125,
    261.7596740722656,
    250.82151794433594,
    240.20777893066406,
    229.88360595703125,
    219.8295440673828,
    210.0323944091797,
    200.48516845703125,
    191.1873016357422,
    182.14508056640625,
    173.3709716796875,
    164.88246154785156,
    156.69969177246094,
    148.84255981445312,
    141.3275909423828,
    134.1653594970703,
    127.3589859008789,
    120.90357208251953,
    114.78693389892578,
    108.9911117553711,
    103.49421691894531,
    98.27255249023438,
    93.30232238769531,
    88.56111145019531,
    84.02876281738281,
    79.68791198730469,
    75.5240707397461,
    71.5255355834961,
    67.68303680419922,
    63.9893684387207,
    60.4389533996582,
    57.027442932128906,
    53.751373291015625,
    50.60786819458008,
    47.59440994262695,
    44.70864486694336,
    41.948272705078125,
    39.31096267700195,
    36.79427719116211,
    34.39566421508789,
    32.112422943115234,
    29.941734313964844,
    27.880643844604492,
    25.92609405517578,
    24.074928283691406,
    22.32391929626465,
    20.669771194458008,
    19.10915184020996,
    17.63869285583496,
    16.2550106048584,
    14.9547119140625,
    13.734420776367188,
    12.590784072875977,
    11.520482063293457,
    10.520249366760254,
    9.586878776550293,
    8.717239379882812,
    7.9082722663879395,
    7.157010555267334,
    6.460569858551025,
    5.816159248352051,
    5.221076488494873,
    4.672708511352539,
    4.168531894683838,
    3.706106662750244,
    3.2830770015716553,
    2.8971667289733887,
    2.5461771488189697,
    2.227983236312866,
    1.9405314922332764,
    1.6818372011184692,
    1.4499812126159668,
    1.2431071996688843,
    1.0594197511672974,
    0.8971807360649109,
    0.7547079920768738,
    0.6303724646568298,
    0.5225963592529297,
    0.42985227704048157,
    0.3506630063056946,
    0.28360286355018616,
    0.227301687002182,
    0.18045179545879364,
    0.1418193131685257,
    0.11026556044816971,
    0.08478601276874542,
    0.06463426351547241,
    0.04908605292439461,
    0.037792060524225235,
    0.030536124482750893,
    0.026407795026898384,
    0.024500899016857147,
    0.02428608387708664,
    0.025739852339029312
  ]
}