{
  "task": "smnist-pixel",
  "mechanism": "gated",
  "seq_len": 51,
  "hidden": 1000,
  "cell_layers": 2,
  "keep_bias": 6.0,
  "tau": 30.0,
  "grad_factor": 1.0,
  "grad_clip": 1.0,
  "lr": 0.003,
  "lr_min": 0.0003,
  "entropy_reg": 0.0,
  "batch_size": 128,
  "iters": 20000,
  "seed": 0,
  "device": "cuda",
  "logic_gates": 4000,
  "best_val": 0.36916666666666664,
  "test_acc": 0.3695,
  "test_soft": 0.5618,
  "discretization_gap": 0.19229999999999997,
  "n_skipped": 0,
  "train_minutes": 285.3865248322487,
  "grad_profile": [
    15.907527923583984,
    14.650044441223145,
    13.4468412399292,
    12.405065536499023,
    11.434065818786621,
    10.52139949798584,
    9.664361000061035,
    8.861631393432617,
    8.111225128173828,
    7.411536693572998,
    6.760667324066162,
    6.1565327644348145,
    5.596945285797119,
    5.079671859741211,
    4.602471828460693,
    4.163110733032227,
    3.759373188018799,
    3.389071464538574,
    3.050060510635376,
    2.7402467727661133,
    2.457597255706787,
    2.200148344039917,
    1.9660125970840454,
    1.7533847093582153,
    1.560546875,
    1.3858742713928223,
    1.2278378009796143,
    1.085008144378662,
    0.9560567736625671,
    0.8397569060325623,
    0.734982430934906,
    0.6407057642936707,
    0.555994987487793,
    0.48000869154930115,
    0.4119904339313507,
    0.3512607216835022,
    0.29720762372016907,
    0.24927674233913422,
    0.20697133243083954,
    0.16988861560821533,
    0.13778366148471832,
    0.1103527769446373,
    0.08710861206054688,
    0.06784313172101974,
    0.05241081118583679,
    0.04055767506361008,
    0.03215642645955086,
    0.02676587738096714,
    0.024199774488806725,
    0.023755140602588654,
    0.02569914236664772
  ]
}