{
  "task": "smnist-pixel",
  "mechanism": "gated",
  "seq_len": 51,
  "test_seq_len": null,
  "latch_kind": null,
  "hard_state": null,
  "hard_control": null,
  "anneal": null,
  "hidden": 1000,
  "cell_layers": 2,
  "keep_bias": 3.0,
  "tau": 30.0,
  "grad_factor": 1.0,
  "grad_clip": 1.0,
  "lr": 0.003,
  "lr_min": 0.0003,
  "entropy_reg": 0.0,
  "margin_reg": 0.0,
  "deep_sup": 0.0,
  "running_target": false,
  "state_mushy_by_t": null,
  "batch_size": 128,
  "iters": 20000,
  "seed": 2,
  "device": "cuda",
  "logic_gates": 4000,
  "best_val": 0.4036666666666667,
  "test_acc": 0.4106,
  "test_soft": 0.5944,
  "discretization_gap": 0.18380000000000002,
  "n_skipped": 0,
  "train_minutes": 171.4226852019628,
  "grad_profile": null,
  "gate_totals": [
    201,
    158,
    220,
    368,
    220,
    372,
    208,
    223,
    232,
    181,
    372,
    174,
    361,
    192,
    172,
    346
  ],
  "gate_distribution": {
    "cell.candidate.net.0": [
      57,
      38,
      54,
      103,
      56,
      106,
      54,
      76,
      64,
      50,
      82,
      48,
      95,
      44,
      38,
      35
    ],
    "cell.candidate.net.1": [
      4,
      27,
      43,
      140,
      33,
      152,
      71,
      28,
      43,
      59,
      154,
      23,
      154,
      25,
      31,
      13
    ],
    "cell.gate.net.0": [
      51,
      42,
      75,
      77,
      73,
      72,
      56,
      71,
      72,
      52,
      72,
      53,
      71,
      54,
      46,
      63
    ],
    "cell.gate.net.1": [
      89,
      51,
      48,
      48,
      58,
      42,
      27,
      48,
      53,
      20,
      64,
      50,
      41,
      69,
      57,
      235
    ]
  }
}