{
  "task": "flightgate_mock",
  "mechanism": "gated",
  "backend": "mock",
  "hidden": 40,
  "cell_layers": 2,
  "keep_bias": 3.0,
  "tau": 1.0,
  "grad_factor": 1.0,
  "grad_clip": 1.0,
  "lr": 0.01,
  "batch_size": 8,
  "bptt": 0,
  "anneal": null,
  "iters_per_round": 60,
  "rounds": [
    {
      "round": 0,
      "beta": 1.0,
      "dataset_episodes": 4,
      "train": {
        "losses": [
          1.6178085803985596,
          1.5997709035873413,
          1.6151058673858643,
          1.5906739234924316,
          1.5950769186019897,
          1.5790197849273682,
          1.6076505184173584,
          1.5901206731796265,
          1.577846884727478,
          1.559687852859497,
          1.5639193058013916,
          1.5694657564163208,
          1.553645133972168,
          1.5637537240982056,
          1.5348703861236572,
          1.5304971933364868,
          1.5161254405975342,
          1.5357635021209717,
          1.5128635168075562,
          1.5178449153900146,
          1.5126442909240723,
          1.5464091300964355,
          1.5084797143936157,
          1.4778616428375244,
          1.492283582687378,
          1.4872194528579712,
          1.4592339992523193,
          1.468339443206787,
          1.4298750162124634,
          1.4605140686035156,
          1.5038632154464722,
          1.4859035015106201,
          1.46941077709198,
          1.4520080089569092,
          1.3943374156951904,
          1.4397820234298706,
          1.456447958946228,
          1.4260989427566528,
          1.421058177947998,
          1.442774772644043,
          1.3884236812591553,
          1.4070111513137817,
          1.4010343551635742,
          1.4005372524261475,
          1.3653223514556885,
          1.3831894397735596,
          1.346497893333435,
          1.3456405401229858,
          1.3350269794464111,
          1.3317464590072632,
          1.3657734394073486,
          1.3554389476776123,
          1.342766523361206,
          1.274277925491333,
          1.3343756198883057,
          1.2942389249801636,
          1.3297837972640991,
          1.402788519859314,
          1.2717381715774536,
          1.31537663936615
        ],
        "n_skipped": 0,
        "train_minutes": 0.8766072988510132,
        "action_acc_discrete": 0.046875,
        "action_acc_soft": 0.7171875,
        "discretization_gap": 0.6703125,
        "n_train_steps_available": 160
      },
      "eval_student_discrete": {
        "mean_return": 6.353774980202342,
        "mean_rms_err": 1.6100310652775456,
        "mean_rms_err_blackout": 1.7852148749893848,
        "mean_length": 19.5,
        "mean_n_masked": 3.75,
        "envelope_exit_rate": 1.0,
        "n_episodes": 4
      }
    },
    {
      "round": 1,
      "beta": 0.5,
      "dataset_episodes": 8,
      "train": {
        "losses": [
          1.433199405670166,
          1.4503934383392334,
          1.5072451829910278,
          1.4951210021972656,
          1.4841527938842773,
          1.4585963487625122,
          1.3441600799560547,
          1.4389922618865967,
          1.3866312503814697,
          1.3742682933807373,
          1.4055964946746826,
          1.4110875129699707,
          1.456158995628357,
          1.3169041872024536,
          1.4326716661453247,
          1.3317281007766724,
          1.4185791015625,
          1.3811370134353638,
          1.504941463470459,
          1.3094141483306885,
          1.374874234199524,
          1.4104688167572021,
          1.34559166431427,
          1.3483799695968628,
          1.3507453203201294,
          1.380496859550476,
          1.2888556718826294,
          1.3131972551345825,
          1.426971673965454,
          1.3027368783950806,
          1.2945753335952759,
          1.3393665552139282,
          1.3345024585723877,
          1.3384325504302979,
          1.2950972318649292,
          1.336785912513733,
          1.2641090154647827,
          1.2826677560806274,
          1.4376648664474487,
          1.3737921714782715,
          1.3500005006790161,
          1.3502728939056396,
          1.2172678709030151,
          1.3145902156829834,
          1.4278615713119507,
          1.261863350868225,
          1.3549528121948242,
          1.2539595365524292,
          1.4130809307098389,
          1.2718122005462646,
          1.3586342334747314,
          1.2963231801986694,
          1.3418750762939453,
          1.3286659717559814,
          1.2133052349090576,
          1.2919093370437622,
          1.2760933637619019,
          1.3261168003082275,
          1.315797209739685,
          1.2536795139312744
        ],
        "n_skipped": 0,
        "train_minutes": 0.8231156984965007,
        "action_acc_discrete": 0.50546875,
        "action_acc_soft": 0.5203125,
        "discretization_gap": 0.014843749999999933,
        "n_train_steps_available": 320
      },
      "eval_student_discrete": {
        "mean_return": 14.378984310861638,
        "mean_rms_err": 1.3443943646801424,
        "mean_rms_err_blackout": 1.2204080045688093,
        "mean_length": 27.0,
        "mean_n_masked": 6.25,
        "envelope_exit_rate": 1.0,
        "n_episodes": 4
      }
    }
  ],
  "episodes_per_round": 4,
  "eval_episodes": 4,
  "max_steps": 40,
  "settle_frac": 0.25,
  "seed": 0,
  "device": "cpu",
  "input_bits": 17,
  "n_bins": 5,
  "encoder": {
    "type": "thermometer",
    "bits": 4,
    "ranges": [
      [
        -2.0,
        2.0
      ],
      [
        -2.0,
        2.0
      ],
      [
        -3.0,
        3.0
      ],
      [
        -3.0,
        3.0
      ]
    ],
    "thresholds": [
      [
        -1.2,
        -0.3999999999999999,
        0.3999999999999999,
        1.2000000000000002
      ],
      [
        -1.2,
        -0.3999999999999999,
        0.3999999999999999,
        1.2000000000000002
      ],
      [
        -1.7999999999999998,
        -0.5999999999999996,
        0.5999999999999996,
        1.8000000000000007
      ],
      [
        -1.7999999999999998,
        -0.5999999999999996,
        0.5999999999999996,
        1.8000000000000007
      ]
    ]
  },
  "discretizer": {
    "type": "uniform",
    "n_bins": 5,
    "lo": -1.0,
    "hi": 1.0,
    "centers": [
      -0.800000011920929,
      -0.4000000059604645,
      1.1102230246251565e-16,
      0.4000000059604645,
      0.800000011920929
    ]
  },
  "blackout": {
    "p_start": 0.05,
    "k_min": 3,
    "k_max": 6,
    "seed": 0
  },
  "jitter_scheme": {
    "entropy": [
      1,
      "episode_index"
    ],
    "collect_offset": "(round+1)*1_000_000",
    "eval_indices": "0..eval_episodes-1 (frozen across arms)"
  },
  "versions": {
    "python": "3.13.1 (tags/v3.13.1:0671451, Dec  3 2024, 19:06:28) [MSC v.1942 64 bit (AMD64)]",
    "platform": "Windows-11-10.0.26200-SP0",
    "numpy": "2.3.1"
  },
  "eval_teacher": {
    "mean_return": 66.97695187386543,
    "mean_rms_err": 0.27212934129325284,
    "mean_rms_err_blackout": 0.3365448553983252,
    "mean_length": 40.0,
    "mean_n_masked": 8.0,
    "envelope_exit_rate": 0.0,
    "n_episodes": 4
  },
  "eval_teacher_quantized": {
    "mean_return": 65.43247784972323,
    "mean_rms_err": 0.317563136057137,
    "mean_rms_err_blackout": 0.3757926939243159,
    "mean_length": 40.0,
    "mean_n_masked": 8.0,
    "envelope_exit_rate": 0.0,
    "n_episodes": 4
  },
  "quantization_gate_return_ratio": 0.9769402162843893,
  "logic_gates": 160,
  "beta_schedule": [
    1.0,
    0.5
  ],
  "gate_totals": [
    14,
    8,
    9,
    8,
    11,
    8,
    6,
    5,
    7,
    10,
    9,
    4,
    3,
    9,
    11,
    38
  ],
  "gate_distribution": {
    "cell.candidate.net.0": [
      4,
      3,
      1,
      3,
      2,
      3,
      0,
      2,
      0,
      4,
      3,
      2,
      1,
      6,
      5,
      1
    ],