{
  "task": "flightgate_mock",
  "mechanism": "clatch",
  "backend": "mock",
  "hidden": 40,
  "cell_layers": 2,
  "keep_bias": 3.0,
  "tau": 1.0,
  "grad_factor": 1.0,
  "grad_clip": 1.0,
  "lr": 0.01,
  "batch_size": 4,
  "bptt": 0,
  "anneal": "0.1,0.6",
  "iters_per_round": 10,
  "rounds": [
    {
      "round": 0,
      "beta": 1.0,
      "dataset_episodes": 2,
      "train": {
        "losses": [
          1.5892434120178223,
          1.5820945501327515,
          1.5793920755386353,
          1.5734602212905884,
          1.5601590871810913,
          1.5504437685012817,
          1.6094377040863037,
          1.6094377040863037,
          1.6094377040863037,
          1.6094377040863037
        ],
        "n_skipped": 0,
        "train_minutes": 0.1336811343828837,
        "action_acc_discrete": 0.04375,
        "action_acc_soft": 0.04375,
        "discretization_gap": 0.0,
        "n_train_steps_available": 80
      },
      "eval_student_discrete": {
        "mean_return": 11.153237590603059,
        "mean_rms_err": 1.4499848389050967,
        "mean_rms_err_blackout": 1.631652260517055,
        "mean_length": 20.0,
        "mean_n_masked": 2.5,
        "envelope_exit_rate": 1.0,
        "n_episodes": 2
      }
    },
    {
      "round": 1,
      "beta": 0.5,
      "dataset_episodes": 4,
      "train": {
        "losses": [
          1.5658135414123535,
          1.6429474353790283,
          1.5867555141448975,
          1.6160813570022583,
          1.6074517965316772,
          1.5438591241836548,
          1.6094378232955933,
          1.6094379425048828,
          1.6094377040863037,
          1.6094378232955933
        ],
        "n_skipped": 0,
        "train_minutes": 0.13721811374028522,
        "action_acc_discrete": 0.04276315789473684,
        "action_acc_soft": 0.04276315789473684,
        "discretization_gap": 0.0,
        "n_train_steps_available": 152
      },
      "eval_student_discrete": {
        "mean_return": 11.153237590603059,
        "mean_rms_err": 1.4499848389050967,
        "mean_rms_err_blackout": 1.631652260517055,
        "mean_length": 20.0,
        "mean_n_masked": 2.5,
        "envelope_exit_rate": 1.0,
        "n_episodes": 2
      }
    }
  ],
  "episodes_per_round": 2,
  "eval_episodes": 2,
  "max_steps": 40,
  "settle_frac": 0.25,
  "seed": 1,
  "device": "cpu",
  "input_bits": 17,
  "n_bins": 5,
  "encoder": {
    "type": "thermometer",
    "bits": 4,
    "ranges": [
      [
        -2.0,
        2.0
      ],
      [
        -2.0,
        2.0
      ],
      [
        -3.0,
        3.0
      ],
      [
        -3.0,
        3.0
      ]
    ],
    "thresholds": [
      [
        -1.2,
        -0.3999999999999999,
        0.3999999999999999,
        1.2000000000000002
      ],
      [
        -1.2,
        -0.3999999999999999,
        0.3999999999999999,
        1.2000000000000002
      ],
      [
        -1.7999999999999998,
        -0.5999999999999996,
        0.5999999999999996,
        1.8000000000000007
      ],
      [
        -1.7999999999999998,
        -0.5999999999999996,
        0.5999999999999996,
        1.8000000000000007
      ]
    ]
  },
  "discretizer": {
    "type": "uniform",
    "n_bins": 5,
    "lo": -1.0,
    "hi": 1.0,
    "centers": [
      -0.800000011920929,
      -0.4000000059604645,
      1.1102230246251565e-16,
      0.4000000059604645,
      0.800000011920929
    ]
  },
  "blackout": {
    "p_start": 0.05,
    "k_min": 3,
    "k_max": 6,
    "seed": 7919
  },
  "jitter_scheme": {
    "entropy": [
      2,
      "episode_index"
    ],
    "collect_offset": "(round+1)*1_000_000",
    "eval_indices": "0..eval_episodes-1 (frozen across arms)"
  },
  "versions": {
    "python": "3.13.1 (tags/v3.13.1:0671451, Dec  3 2024, 19:06:28) [MSC v.1942 64 bit (AMD64)]",
    "platform": "Windows-11-10.0.26200-SP0",
    "numpy": "2.3.1"
  },
  "eval_teacher": {
    "mean_return": 73.598672351864,
    "mean_rms_err": 0.1581775616148579,
    "mean_rms_err_blackout": 0.10565612911257502,
    "mean_length": 40.0,
    "mean_n_masked": 7.0,
    "envelope_exit_rate": 0.0,
    "n_episodes": 2
  },
  "eval_teacher_quantized": {
    "mean_return": 73.01011547569557,
    "mean_rms_err": 0.1867415325260478,
    "mean_rms_err_blackout": 0.14449003969967833,
    "mean_length": 40.0,
    "mean_n_masked": 7.0,
    "envelope_exit_rate": 0.0,
    "n_episodes": 2
  },
  "quantization_gate_return_ratio": 0.9920031590603343,
  "logic_gates": 160,
  "beta_schedule": [
    1.0,
    0.5
  ],
  "gate_totals": [
    9,
    9,
    8,
    6,
    9,
    8,
    8,
    9,
    9,
    9,
    6,
    6,
    3,
    10,
    3,
    48
  ],
  "gate_distribution": {
    "cell.candidate.net.0": [
      1,
      0,
      2,
      3,
      5,
      0,
      4,
      2,
      4,
      5,
      1,
      2,
      2,
      5,
      1,
      3
    ],
    "cell.candidate.net.1": [
      3,
      5,
      3,
      2,
      4,
      4,
      2,
      3,
      4,
      3,
      1,
      1,
      0,
      0,
      2,
      3
    ],
    "cell.gate.net.0": [
      5,
      4,
      3,
      1,
      0,
      4,
      2,
      4,
      1,
      1,
      4,
      3,
      1,
      5,
      0,
      2
    ],
    "cell.gate.net.1": [
      0,
      0,
      0,
      0,
      0,
      0,
      0,
      0,
      0,
      0,
      0,
      0,
      0,
      0,
      0,
      40
    ]
  }
}