{
  "task": "flightgate_mock",
  "mechanism": "ff",
  "backend": "mock",
  "hidden": 40,
  "cell_layers": 2,
  "keep_bias": 3.0,
  "tau": 1.0,
  "grad_factor": 1.0,
  "grad_clip": 1.0,
  "lr": 0.01,
  "batch_size": 4,
  "bptt": 0,
  "anneal": null,
  "iters_per_round": 10,
  "rounds": [
    {
      "round": 0,
      "beta": 1.0,
      "dataset_episodes": 2,
      "train": {
        "losses": [
          1.611972451210022,
          1.612388253211975,
          1.6044552326202393,
          1.6009409427642822,
          1.5982677936553955,
          1.5943565368652344,
          1.590411901473999,
          1.58644700050354,
          1.5824706554412842,
          1.5772193670272827
        ],
        "n_skipped": 0,
        "train_minutes": 0.00527276595433553,
        "action_acc_discrete": 0.26875,
        "action_acc_soft": 0.4625,
        "discretization_gap": 0.19375000000000003,
        "n_train_steps_available": 80
      },
      "eval_student_discrete": {
        "mean_return": 22.067604723517196,
        "mean_rms_err": 1.607406176224725,
        "mean_rms_err_blackout": NaN,
        "mean_length": 32.0,
        "mean_n_masked": 0.0,
        "envelope_exit_rate": 0.5,
        "n_episodes": 2
      }
    }
  ],
  "episodes_per_round": 2,
  "eval_episodes": 2,
  "max_steps": 40,
  "settle_frac": 0.25,
  "seed": 1,
  "device": "cpu",
  "input_bits": 16,
  "n_bins": 5,
  "encoder": {
    "type": "thermometer",
    "bits": 4,
    "ranges": [
      [
        -2.0,
        2.0
      ],
      [
        -2.0,
        2.0
      ],
      [
        -3.0,
        3.0
      ],
      [
        -3.0,
        3.0
      ]
    ],
    "thresholds": [
      [
        -1.2,
        -0.3999999999999999,
        0.3999999999999999,
        1.2000000000000002
      ],
      [
        -1.2,
        -0.3999999999999999,
        0.3999999999999999,
        1.2000000000000002
      ],
      [
        -1.7999999999999998,
        -0.5999999999999996,
        0.5999999999999996,
        1.8000000000000007
      ],
      [
        -1.7999999999999998,
        -0.5999999999999996,
        0.5999999999999996,
        1.8000000000000007
      ]
    ]
  },
  "discretizer": {
    "type": "uniform",
    "n_bins": 5,
    "lo": -1.0,
    "hi": 1.0,
    "centers": [
      -0.800000011920929,
      -0.4000000059604645,
      1.1102230246251565e-16,
      0.4000000059604645,
      0.800000011920929
    ]
  },
  "blackout": null,
  "jitter_scheme": {
    "entropy": [
      2,
      "episode_index"
    ],
    "collect_offset": "(round+1)*1_000_000",
    "eval_indices": "0..eval_episodes-1 (frozen across arms)"
  },
  "versions": {
    "python": "3.13.1 (tags/v3.13.1:0671451, Dec  3 2024, 19:06:28) [MSC v.1942 64 bit (AMD64)]",
    "platform": "Windows-11-10.0.26200-SP0",
    "numpy": "2.3.1"
  },
  "eval_teacher": {
    "mean_return": 73.598672351864,
    "mean_rms_err": 0.1581775616148579,
    "mean_rms_err_blackout": NaN,
    "mean_length": 40.0,
    "mean_n_masked": 0.0,
    "envelope_exit_rate": 0.0,
    "n_episodes": 2
  },
  "eval_teacher_quantized": {
    "mean_return": 73.01011547569557,
    "mean_rms_err": 0.1867415325260478,
    "mean_rms_err_blackout": NaN,
    "mean_length": 40.0,
    "mean_n_masked": 0.0,
    "envelope_exit_rate": 0.0,
    "n_episodes": 2
  },
  "quantization_gate_return_ratio": 0.9920031590603343,
  "logic_gates": 160,
  "beta_schedule": [
    1.0
  ],
  "gate_totals": [
    7,
    8,
    10,
    15,
    10,
    7,
    13,
    9,
    8,
    14,
    10,
    7,
    11,
    8,
    13,
    10
  ],
  "gate_distribution": {
    "net.net.0": [
      0,
      1,
      3,
      3,
      4,
      0,
      2,
      2,
      4,
      5,
      2,
      2,
      3,
      4,
      1,
      4
    ],
    "net.net.1": [
      2,
      0,
      2,
      3,
      2,
      4,
      3,
      3,
      3,
      2,
      1,
      3,
      4,
      2,
      4,
      2
    ],
    "net.net.2": [
      2,
      4,
      3,
      6,
      1,
      2,
      2,
      1,
      1,
      3,
      4,
      2,
      2,
      1,
      4,
      2
    ],
    "net.net.3": [
      3,
      3,
      2,
      3,
      3,
      1,
      6,
      3,
      0,
      4,
      3,
      0,
      2,
      1,
      4,
      2
    ]
  }
}