{
  "task": "flightgate_hover",
  "mechanism": "teacher_only",
  "backend": "hover",
  "hidden": 216,
  "cell_layers": 2,
  "keep_bias": 3.0,
  "tau": 3.0,
  "grad_factor": 1.0,
  "grad_clip": 1.0,
  "lr": 0.01,
  "batch_size": 16,
  "bptt": 0,
  "anneal": null,
  "iters_per_round": 200,
  "rounds": 3,
  "episodes_per_round": 50,
  "eval_episodes": 10,
  "max_steps": 240,
  "settle_frac": 0.25,
  "seed": 0,
  "device": "cpu",
  "input_bits": 193,
  "n_bins": 9,
  "encoder": {
    "type": "thermometer",
    "bits": 16,
    "ranges": [
      [
        -1.5,
        1.5
      ],
      [
        -1.5,
        1.5
      ],
      [
        0.0,
        2.0
      ],
      [
        -0.4,
        0.4
      ],
      [
        -0.4,
        0.4
      ],
      [
        -3.141592653589793,
        3.141592653589793
      ],
      [
        -1.5,
        1.5
      ],
      [
        -1.5,
        1.5
      ],
      [
        -1.5,
        1.5
      ],
      [
        -3.0,
        3.0
      ],
      [
        -3.0,
        3.0
      ],
      [
        -3.0,
        3.0
      ]
    ],
    "thresholds": [
      [
        -1.3235294117647058,
        -1.1470588235294117,
        -0.9705882352941176,
        -0.7941176470588236,
        -0.6176470588235294,
        -0.4411764705882353,
        -0.2647058823529411,
        -0.08823529411764719,
        0.08823529411764719,
        0.2647058823529411,
        0.4411764705882355,
        0.6176470588235294,
        0.7941176470588234,
        0.9705882352941178,
        1.1470588235294117,
        1.3235294117647056
      ],
      [
        -1.3235294117647058,
        -1.1470588235294117,
        -0.9705882352941176,
        -0.7941176470588236,
        -0.6176470588235294,
        -0.4411764705882353,
        -0.2647058823529411,
        -0.08823529411764719,
        0.08823529411764719,
        0.2647058823529411,
        0.4411764705882355,
        0.6176470588235294,
        0.7941176470588234,
        0.9705882352941178,
        1.1470588235294117,
        1.3235294117647056
      ],
      [
        0.11764705882352941,
        0.23529411764705882,
        0.35294117647058826,
        0.47058823529411764,
        0.5882352941176471,
        0.7058823529411765,
        0.8235294117647058,
        0.9411764705882353,
        1.0588235294117647,
        1.1764705882352942,
        1.2941176470588236,
        1.411764705882353,
        1.5294117647058822,
        1.6470588235294117,
        1.7647058823529411,
        1.8823529411764706
      ],
      [
        -0.35294117647058826,
        -0.3058823529411765,
        -0.2588235294117647,
        -0.21176470588235297,
        -0.16470588235294117,
        -0.11764705882352938,
        -0.07058823529411767,
        -0.02352941176470591,
        0.02352941176470591,
        0.07058823529411767,
        0.11764705882352944,
        0.16470588235294126,
        0.21176470588235297,
        0.2588235294117647,
        0.3058823529411765,
        0.3529411764705882
      ],
      [
        -0.35294117647058826,
        -0.3058823529411765,
        -0.2588235294117647,
        -0.21176470588235297,
        -0.16470588235294117,
        -0.11764705882352938,
        -0.07058823529411767,
        -0.02352941176470591,
        0.02352941176470591,
        0.07058823529411767,
        0.11764705882352944,
        0.16470588235294126,
        0.21176470588235297,
        0.2588235294117647,
        0.3058823529411765,
        0.3529411764705882
      ],
      [
        -2.771993517873347,
        -2.4023943821569005,
        -2.0327952464404544,
        -1.663196110724008,
        -1.2935969750075618,
        -0.9239978392911157,
        -0.5543987035746696,
        -0.18479956785822305,
        0.18479956785822305,
        0.5543987035746696,
        0.9239978392911157,
        1.2935969750075618,
        1.6631961107240079,
        2.032795246440454,
        2.4023943821569,
        2.771993517873347
      ],
      [
        -1.3235294117647058,
        -1.1470588235294117,
        -0.9705882352941176,
        -0.7941176470588236,
        -0.6176470588235294,
        -0.4411764705882353,
        -0.2647058823529411,
        -0.08823529411764719,
        0.08823529411764719,
        0.2647058823529411,
        0.4411764705882355,
        0.6176470588235294,
        0.7941176470588234,
        0.9705882352941178,
        1.1470588235294117,
        1.3235294117647056
      ],
      [
        -1.3235294117647058,
        -1.1470588235294117,
        -0.9705882352941176,
        -0.7941176470588236,
        -0.6176470588235294,
        -0.4411764705882353,
        -0.2647058823529411,
        -0.08823529411764719,
        0.08823529411764719,
        0.2647058823529411,
        0.4411764705882355,
        0.6176470588235294,
        0.7941176470588234,
        0.9705882352941178,
        1.1470588235294117,
        1.3235294117647056
      ],
      [
        -1.3235294117647058,
        -1.1470588235294117,
        -0.9705882352941176,
        -0.7941176470588236,
        -0.6176470588235294,
        -0.4411764705882353,
        -0.2647058823529411,
        -0.08823529411764719,
        0.08823529411764719,
        0.2647058823529411,
        0.4411764705882355,
        0.6176470588235294,
        0.7941176470588234,
        0.9705882352941178,
        1.1470588235294117,
        1.3235294117647056
      ],
      [
        -2.6470588235294117,
        -2.2941176470588234,
        -1.9411764705882353,
        -1.5882352941176472,
        -1.2352941176470589,
        -0.8823529411764706,
        -0.5294117647058822,
        -0.17647058823529438,
        0.17647058823529438,
        0.5294117647058822,
        0.882352941176471,
        1.2352941176470589,
        1.5882352941176467,
        1.9411764705882355,
        2.2941176470588234,
        2.6470588235294112
      ],
      [
        -2.6470588235294117,
        -2.2941176470588234,
        -1.9411764705882353,
        -1.5882352941176472,
        -1.2352941176470589,
        -0.8823529411764706,
        -0.5294117647058822,
        -0.17647058823529438,
        0.17647058823529438,
        0.5294117647058822,
        0.882352941176471,
        1.2352941176470589,
        1.5882352941176467,
        1.9411764705882355,
        2.2941176470588234,
        2.6470588235294112
      ],
      [
        -2.6470588235294117,
        -2.2941176470588234,
        -1.9411764705882353,
        -1.5882352941176472,
        -1.2352941176470589,
        -0.8823529411764706,
        -0.5294117647058822,
        -0.17647058823529438,
        0.17647058823529438,
        0.5294117647058822,
        0.882352941176471,
        1.2352941176470589,
        1.5882352941176467,
        1.9411764705882355,
        2.2941176470588234,
        2.6470588235294112
      ]
    ]
  },
  "discretizer": {
    "type": "uniform",
    "n_bins": 9,
    "lo": -1.0,
    "hi": 1.0,
    "centers": [
      -0.8888888955116272,
      -0.6666666865348816,
      -0.4444444477558136,
      -0.2222222238779068,
      0.0,
      0.2222222238779068,
      0.4444444477558136,
      0.6666666865348816,
      0.8888888955116272
    ]
  },
  "blackout": {
    "p_start": 0.02,
    "k_min": 4,
    "k_max": 8,
    "seed": 0
  },
  "jitter_scheme": {
    "entropy": [
      1,
      "episode_index"
    ],
    "collect_offset": "(round+1)*1_000_000",
    "eval_indices": "0..eval_episodes-1 (frozen across arms)"
  },
  "versions": {
    "python": "3.13.14 | packaged by conda-forge | (main, Jun 12 2026, 09:50:25) [GCC 14.3.0]",
    "platform": "Linux-6.8.0-134-generic-x86_64-with-glibc2.39",
    "numpy": "2.4.6",
    "gymnasium": "1.3.0",
    "pybullet": "3.2.5",
    "gym-pybullet-drones": "2.1.0",
    "scipy": "1.17.1",
    "gym_pybullet_drones_commit": "UNKNOWN (record it!)"
  },
  "eval_teacher": {
    "mean_return": 439.99827645116477,
    "mean_rms_err": 0.013813130948531285,
    "mean_rms_err_blackout": 0.016548817711159302,
    "mean_length": 220.0,
    "mean_n_masked": 27.5,