{
  "task": "flightgate_hover",
  "mechanism": "gated",
  "backend": "hover",
  "hidden": 216,
  "cell_layers": 2,
  "keep_bias": 3.0,
  "tau": 3.0,
  "grad_factor": 1.0,
  "grad_clip": 1.0,
  "lr": 0.01,
  "batch_size": 2,
  "bptt": 40,
  "anneal": null,
  "iters_per_round": 20,
  "rounds": [
    {
      "round": 0,
      "beta": 1.0,
      "dataset_episodes": 2,
      "train": {
        "losses": [
          2.180316686630249,
          2.1742122173309326,
          2.179366111755371,
          2.174393892288208,
          2.1693313121795654,
          2.1514930725097656,
          2.1459453105926514,
          2.1170246601104736,
          2.1094844341278076,
          2.128998279571533,
          2.123349905014038,
          2.1177167892456055,
          2.112097978591919,
          2.1283252239227295,
          2.101003646850586,
          2.0955111980438232,
          2.0900158882141113,
          2.1107754707336426,
          2.0791289806365967,
          2.0737252235412598
        ],
        "n_skipped": 0,
        "train_minutes": 0.2862415353457133,
        "action_acc_discrete": 0.2767857142857143,
        "action_acc_soft": 0.48660714285714285,
        "discretization_gap": 0.20982142857142855,
        "n_train_steps_available": 56
      },
      "eval_student_discrete": {
        "mean_return": 14.969944783640173,
        "mean_rms_err": 0.18561621963389155,
        "mean_rms_err_blackout": 0.31591244407658475,
        "mean_length": 7.5,
        "mean_n_masked": 1.0,
        "envelope_exit_rate": 1.0,
        "n_episodes": 2
      }
    },
    {
      "round": 1,
      "beta": 0.5,
      "dataset_episodes": 4,
      "train": {
        "losses": [
          2.0779993534088135,
          2.013272523880005,
          2.0672833919525146,
          2.0621860027313232,
          1.978285789489746,
          2.041473865509033,
          1.9618550539016724,
          2.0308449268341064,
          2.0340499877929688,
          1.9354345798492432,
          2.023935317993164,
          1.9187138080596924,
          1.9119666814804077,
          1.9013582468032837,
          2.0039684772491455,
          1.8837077617645264,
          1.8155444860458374,
          2.031559944152832,
          1.7936922311782837,
          1.84890615940094
        ],
        "n_skipped": 0,
        "train_minutes": 0.24051127831141153,
        "action_acc_discrete": 0.4014084507042254,
        "action_acc_soft": 0.6408450704225352,
        "discretization_gap": 0.23943661971830987,
        "n_train_steps_available": 71
      },
      "eval_student_discrete": {
        "mean_return": 10.975835684090185,
        "mean_rms_err": 0.18612266429000612,
        "mean_rms_err_blackout": 0.3123236345216296,
        "mean_length": 5.5,
        "mean_n_masked": 0.5,
        "envelope_exit_rate": 1.0,
        "n_episodes": 2
      }
    }
  ],
  "episodes_per_round": 2,
  "eval_episodes": 2,
  "max_steps": 120,
  "settle_frac": 0.25,
  "seed": 0,
  "device": "cpu",
  "input_bits": 193,
  "n_bins": 9,
  "encoder": {
    "type": "thermometer",
    "bits": 16,
    "ranges": [
      [
        -1.5,
        1.5
      ],
      [
        -1.5,
        1.5
      ],
      [
        0.0,
        2.0
      ],
      [
        -0.4,
        0.4
      ],
      [
        -0.4,
        0.4
      ],
      [
        -3.141592653589793,
        3.141592653589793
      ],
      [
        -1.5,
        1.5
      ],
      [
        -1.5,
        1.5
      ],
      [
        -1.5,
        1.5
      ],
      [
        -3.0,
        3.0
      ],
      [
        -3.0,
        3.0
      ],
      [
        -3.0,
        3.0
      ]
    ],
    "thresholds": [
      [
        -1.3235294117647058,
        -1.1470588235294117,
        -0.9705882352941176,
        -0.7941176470588236,
        -0.6176470588235294,
        -0.4411764705882353,
        -0.2647058823529411,
        -0.08823529411764719,
        0.08823529411764719,
        0.2647058823529411,
        0.4411764705882355,
        0.6176470588235294,
        0.7941176470588234,
        0.9705882352941178,
        1.1470588235294117,
        1.3235294117647056
      ],
      [
        -1.3235294117647058,
        -1.1470588235294117,
        -0.9705882352941176,
        -0.7941176470588236,
        -0.6176470588235294,
        -0.4411764705882353,
        -0.2647058823529411,
        -0.08823529411764719,
        0.08823529411764719,
        0.2647058823529411,
        0.4411764705882355,
        0.6176470588235294,
        0.7941176470588234,
        0.9705882352941178,
        1.1470588235294117,
        1.3235294117647056
      ],
      [
        0.11764705882352941,
        0.23529411764705882,
        0.35294117647058826,
        0.47058823529411764,
        0.5882352941176471,
        0.7058823529411765,
        0.8235294117647058,
        0.9411764705882353,
        1.0588235294117647,
        1.1764705882352942,
        1.2941176470588236,
        1.411764705882353,
        1.5294117647058822,
        1.6470588235294117,
        1.7647058823529411,
        1.8823529411764706
      ],
      [
        -0.35294117647058826,
        -0.3058823529411765,
        -0.2588235294117647,
        -0.21176470588235297,
        -0.16470588235294117,
        -0.11764705882352938,
        -0.07058823529411767,
        -0.02352941176470591,
        0.02352941176470591,
        0.07058823529411767,
        0.11764705882352944,
        0.16470588235294126,
        0.21176470588235297,
        0.2588235294117647,
        0.3058823529411765,
        0.3529411764705882
      ],
      [
        -0.35294117647058826,
        -0.3058823529411765,
        -0.2588235294117647,
        -0.21176470588235297,
        -0.16470588235294117,
        -0.11764705882352938,
        -0.07058823529411767,
        -0.02352941176470591,
        0.02352941176470591,
        0.07058823529411767,
        0.11764705882352944,
        0.16470588235294126,
        0.21176470588235297,
        0.2588235294117647,
        0.3058823529411765,
        0.3529411764705882
      ],
      [
        -2.771993517873347,
        -2.4023943821569005,
        -2.0327952464404544,
        -1.663196110724008,
        -1.2935969750075618,
        -0.9239978392911157,
        -0.5543987035746696,
        -0.18479956785822305,
        0.18479956785822305,
        0.5543987035746696,
        0.9239978392911157,
        1.2935969750075618,
        1.6631961107240079,
        2.032795246440454,
        2.4023943821569,
        2.771993517873347
      ],
      [
        -1.3235294117647058,
        -1.1470588235294117,
        -0.9705882352941176,
        -0.7941176470588236,
        -0.6176470588235294,
        -0.4411764705882353,
        -0.2647058823529411,
        -0.08823529411764719,
        0.08823529411764719,
        0.2647058823529411,
        0.4411764705882355,
        0.6176470588235294,
        0.7941176470588234,
        0.9705882352941178,
        1.1470588235294117,
        1.3235294117647056
      ],
      [
        -1.3235294117647058,
        -1.1470588235294117,
        -0.9705882352941176,
        -0.7941176470588236,
        -0.6176470588235294,
        -0.4411764705882353,
        -0.2647058823529411,
        -0.08823529411764719,
        0.08823529411764719,
        0.2647058823529411,
        0.4411764705882355,
        0.6176470588235294,
        0.7941176470588234,
        0.9705882352941178,
        1.1470588235294117,
        1.3235294117647056
      ],
      [
        -1.3235294117647058,
        -1.1470588235294117,
        -0.9705882352941176,
        -0.7941176470588236,
        -0.6176470588235294,
        -0.4411764705882353,
        -0.2647058823529411,
        -0.08823529411764719,
        0.08823529411764719,
        0.2647058823529411,
        0.4411764705882355,
        0.6176470588235294,
        0.7941176470588234,
        0.9705882352941178,
        1.1470588235294117,
        1.3235294117647056
      ],
      [
        -2.6470588235294117,
