{
  "engine": "autoref",
  "runs": [
    {
      "tag": "h64",
      "json": "mlgn/seqlgn/results/can-syn_ff_xg_ff_h64_20260721-202129.json",
      "ckpt": "mlgn/seqlgn/results/ckpt_xg_ff_h64.pt",
      "head_mode": "tree",
      "n_pi": 120,
      "n_gates": 128,
      "head": [
        2,
        32
      ],
      "equivalence": {
        "samples": 320,
        "mismatched_predictions": 0,
        "trajectory_bits_checked": 8192,
        "trajectory_bits_mismatched": 0,
        "bit_exact": true
      },
      "bdd_build": {
        "gates_s": 0.0,
        "nodes_after_gates": 200,
        "nodes_peak": 52177,
        "head_s": 4.0,
        "nodes_after_head": 450143,
        "decision_bdd_nodes": 7230
      },
      "class1_volume_exact": 0.40566793796054385,
      "volume_s": 0.03,
      "influences": [
        0.08246469541909424,
        0.12480295882079799,
        0.04204213103050422,
        0.04164082935129093,
        0.041287571874596155,
        0.10389699290822639,
        0.08246469541909424,
        0.0,
        0.07082362963350623,
        0.08246469541909424,
        0.03149670474984007,
        0.08246469541909424,
        0.08246469541909424,
        0.04270353359198597,
        0.04123234770954712,
        0.0,
        0.07310206951730625,
        0.04204213103050422,
        0.08027861304430155,
        0.08027861304430155,
        0.0,
        0.08246469541909424,
        0.14687043113946033,
        0.08027861304430155,
        0.09319374481803756,
        0.0,
        0.04164082935129093,
        0.04115058066467566,
        0.04164082935129093,
        0.10491410846111611,
        0.16674924717188783,
        0.30254165791805887,
        0.10389699290822639,
        0.0701289469323575,
        0.16674924717188783,
        0.0,
        0.04995095871652883,
        0.0,
        0.08027861304430155,
        0.16674924717188783,
        0.0,
        0.07082362963350623,
        0.04115058066467566,
        0.0,
        0.0,
        0.0701289469323575,
        0.08027861304430155,
        0.16674924717188783,
        0.0,
        0.06202990775532209,
        0.04164082935129093,
        0.0,
        0.0,
        0.0845917809055214,
        0.0826755197369519,
        0.0,
        0.0,
        0.0,
        0.04164082935129093,
        0.16674924717188783,
        0.0,
        0.009581038432600988,
        0.041288164158495955,
        0.0,
        0.08027861304430155,
        0.03149670474984007,
        0.10455155178978313,
        0.0,
        0.07310206951730625,
        0.009581038432600988,
        0.09706070595527817,
        0.08246469541909424,
        0.0,
        0.08246469541909424,
        0.0,
        0.030420332963962224,
        0.08246469541909424,
        0.020676635918440697,
        0.0,
        0.04186140970185591,
        0.05123825585004175,
        0.08246469541909424,
        0.030420332963962224,
        0.04182004030790482,
        0.14687043113946033,
        0.0,
        0.08246469541909424,
        0.040319543063520126,
        0.0,
        0.1255842291055677,
        0.0,
        0.16674924717188783,
        0.08246469541909424,
        0.041288164158495955,
        0.0,
        0.05123825585004175,
        0.11320976713684487,
        0.08246469541909424,
        0.04995095871652883,
        0.0,
        0.0,
        0.04123234770954712,
        0.08246469541909424,
        0.04164082935129093,
        0.0,
        0.0826755197369519,
        0.0845917809055214,
        0.0845917809055214,
        0.04186140970185591,
        0.020676635918440697,
        0.08246469541909424,
        0.0,
        0.0,
        0.0,
        0.08246469541909424,
        0.0,
        0.0,
        0.0,
        0.0,
        0.0
      ],
      "influences_s": 5.71,
      "avg_sensitivity_exact": 6.496114226954371,
      "boundary_edges_log2": 122.69957700093623,
      "n_influential_vars": 84,
      "mc_check": {
        "samples": 20000,
        "class1_volume_mc": 0.39845,
        "avg_sensitivity_mc": 6.726
      },
      "total_s": 9.8,
      "status": "PASS"
    }
  ],
  "pairwise_disagreement": []
}